Time,Sentiment
22/12/2020 00:11,1
22/12/2020 00:16,1
22/12/2020 00:21,1
22/12/2020 00:27,1
22/12/2020 00:32,-1
22/12/2020 00:37,1
22/12/2020 00:42,1
22/12/2020 00:47,1
22/12/2020 00:52,1
22/12/2020 00:57,1
22/12/2020 01:02,1
22/12/2020 01:07,1
22/12/2020 01:12,1
22/12/2020 01:17,-1
22/12/2020 01:22,-1
22/12/2020 01:27,1
22/12/2020 01:32,1
22/12/2020 01:37,1
22/12/2020 01:42,1
22/12/2020 01:47,1
22/12/2020 01:52,1
22/12/2020 01:58,-1
22/12/2020 02:03,-1
22/12/2020 02:08,-1
22/12/2020 02:13,-1
22/12/2020 02:18,1
22/12/2020 02:23,-1
22/12/2020 02:28,-1
22/12/2020 02:33,-1
22/12/2020 02:38,1
22/12/2020 02:43,-1
22/12/2020 02:48,-1
22/12/2020 02:53,1
22/12/2020 02:58,1
22/12/2020 03:03,-1
22/12/2020 03:08,-1
22/12/2020 03:13,1
22/12/2020 03:18,1
22/12/2020 03:23,-1
22/12/2020 03:28,1
22/12/2020 03:33,-1
22/12/2020 03:38,-1
22/12/2020 03:43,-1
22/12/2020 03:48,1
22/12/2020 03:53,1
22/12/2020 03:58,-1
22/12/2020 04:03,1
22/12/2020 04:08,1
22/12/2020 04:13,-1
22/12/2020 04:19,-1
22/12/2020 04:24,1
22/12/2020 04:29,1
22/12/2020 04:34,-1
22/12/2020 04:39,1
22/12/2020 04:44,1
22/12/2020 04:49,-1
22/12/2020 04:54,-1
22/12/2020 04:59,1
22/12/2020 05:04,-1
22/12/2020 05:09,1
22/12/2020 05:14,1
22/12/2020 05:19,-1
22/12/2020 05:24,1
22/12/2020 05:29,1
22/12/2020 05:34,1
22/12/2020 05:39,1
22/12/2020 05:44,-1
22/12/2020 05:49,1
22/12/2020 05:54,1
22/12/2020 05:59,-1
22/12/2020 06:04,-1
22/12/2020 06:09,-1
22/12/2020 06:14,1
22/12/2020 06:19,1
22/12/2020 06:24,-1
22/12/2020 06:29,1
22/12/2020 06:34,1
22/12/2020 06:39,-1
22/12/2020 06:44,1
22/12/2020 06:49,1
22/12/2020 06:54,1
22/12/2020 06:59,1
22/12/2020 07:05,1
22/12/2020 07:10,1
22/12/2020 07:15,1
22/12/2020 07:20,1
22/12/2020 07:25,1
22/12/2020 07:30,1
22/12/2020 07:35,1
22/12/2020 07:40,-1
22/12/2020 07:45,1
22/12/2020 07:50,1
22/12/2020 07:55,1
22/12/2020 08:00,1
22/12/2020 08:05,1
22/12/2020 08:10,1
22/12/2020 08:15,1
22/12/2020 08:20,1
22/12/2020 08:25,1
22/12/2020 08:30,1
22/12/2020 08:35,1
22/12/2020 08:40,1
22/12/2020 08:45,1
22/12/2020 08:50,1
22/12/2020 08:55,1
22/12/2020 09:00,1
22/12/2020 09:05,1
22/12/2020 09:10,1
22/12/2020 09:16,1
22/12/2020 09:21,1
22/12/2020 09:26,1
22/12/2020 09:31,1
22/12/2020 09:36,1
22/12/2020 09:41,1
22/12/2020 09:46,1
22/12/2020 09:51,1
22/12/2020 09:56,1
22/12/2020 10:01,1
22/12/2020 10:06,1
22/12/2020 10:11,1
22/12/2020 10:16,1
22/12/2020 10:21,1
22/12/2020 10:26,1
22/12/2020 10:31,1
22/12/2020 10:36,1
22/12/2020 10:41,1
22/12/2020 10:46,1
22/12/2020 10:51,1
22/12/2020 10:56,1
22/12/2020 11:01,1
22/12/2020 11:07,1
22/12/2020 11:12,-1
22/12/2020 11:17,1
22/12/2020 11:22,1
22/12/2020 11:27,1
22/12/2020 11:32,1
22/12/2020 11:37,1
22/12/2020 11:42,1
22/12/2020 11:47,1
22/12/2020 11:52,1
22/12/2020 11:57,1
22/12/2020 12:02,1
22/12/2020 12:07,1
22/12/2020 12:12,1
22/12/2020 12:17,1
22/12/2020 12:22,1
22/12/2020 12:27,1
22/12/2020 12:32,1
22/12/2020 12:37,1
22/12/2020 12:43,1
22/12/2020 12:48,1
22/12/2020 12:53,1
22/12/2020 12:58,1
22/12/2020 13:03,1
22/12/2020 13:08,1
22/12/2020 13:13,1
22/12/2020 13:18,1
22/12/2020 13:23,1
22/12/2020 13:28,1
22/12/2020 13:33,-1
22/12/2020 13:38,1
22/12/2020 13:43,1
22/12/2020 13:48,1
22/12/2020 13:53,1
22/12/2020 13:58,1
22/12/2020 14:03,1
22/12/2020 14:08,1
22/12/2020 14:13,1
22/12/2020 14:19,-1
22/12/2020 14:24,1
22/12/2020 14:29,1
22/12/2020 14:34,1
22/12/2020 14:39,1
22/12/2020 14:44,1
22/12/2020 14:49,1
22/12/2020 14:54,1
22/12/2020 14:59,1
22/12/2020 15:04,1
22/12/2020 15:09,1
22/12/2020 15:14,1
22/12/2020 15:19,1
22/12/2020 15:24,1
22/12/2020 15:29,1
22/12/2020 15:34,1
22/12/2020 15:39,1
22/12/2020 15:44,-1
22/12/2020 15:49,1
22/12/2020 15:55,1
22/12/2020 16:00,1
22/12/2020 16:05,1
22/12/2020 16:10,1
22/12/2020 16:20,1
22/12/2020 16:25,-1
22/12/2020 16:30,1
22/12/2020 16:35,-1
22/12/2020 16:40,1
22/12/2020 16:45,1
22/12/2020 16:50,1
22/12/2020 16:55,1
22/12/2020 17:00,1
22/12/2020 17:05,1
22/12/2020 17:11,1
22/12/2020 17:16,1
22/12/2020 17:21,1
22/12/2020 17:26,1
22/12/2020 17:31,1
22/12/2020 17:36,1
22/12/2020 17:41,1
22/12/2020 17:46,1
22/12/2020 17:51,1
22/12/2020 17:56,-1
22/12/2020 18:01,-1
22/12/2020 18:06,1
22/12/2020 18:11,1
22/12/2020 18:16,1
22/12/2020 18:21,1
22/12/2020 18:26,1
22/12/2020 18:32,1
22/12/2020 18:37,1
22/12/2020 18:42,1
22/12/2020 18:47,1
22/12/2020 18:52,1
22/12/2020 18:57,1
22/12/2020 19:02,1
22/12/2020 19:07,1
22/12/2020 19:12,1
22/12/2020 19:17,1
22/12/2020 19:22,1
22/12/2020 19:27,1
22/12/2020 19:32,1
22/12/2020 19:37,1
22/12/2020 19:42,1
22/12/2020 19:48,1
22/12/2020 19:53,1
22/12/2020 19:58,1
22/12/2020 20:03,1
22/12/2020 20:08,1
22/12/2020 20:13,1
22/12/2020 20:18,1
22/12/2020 20:23,1
22/12/2020 20:28,1
22/12/2020 20:33,1
22/12/2020 20:38,1
22/12/2020 20:44,1
22/12/2020 20:49,1
22/12/2020 20:54,1
22/12/2020 20:59,1
22/12/2020 21:04,1
22/12/2020 21:09,1
22/12/2020 21:14,1
22/12/2020 21:19,1
22/12/2020 21:24,1
22/12/2020 21:29,1
22/12/2020 21:34,1
22/12/2020 21:39,1
22/12/2020 21:44,1
22/12/2020 21:49,1
22/12/2020 21:54,1
22/12/2020 21:59,1
22/12/2020 22:04,1
22/12/2020 22:10,1
22/12/2020 22:15,1
22/12/2020 22:20,1
22/12/2020 22:25,1
22/12/2020 22:30,1
22/12/2020 22:35,1
22/12/2020 22:40,1
22/12/2020 22:45,-1
22/12/2020 22:50,1
22/12/2020 22:55,1
22/12/2020 23:00,1
22/12/2020 23:05,1
22/12/2020 23:10,-1
22/12/2020 23:15,-1
22/12/2020 23:20,1
22/12/2020 23:25,-1
22/12/2020 23:30,1
22/12/2020 23:35,1
22/12/2020 23:40,1
22/12/2020 23:45,1
22/12/2020 23:50,1
22/12/2020 23:55,1
23/12/2020 00:00,1
23/12/2020 00:11,1
23/12/2020 00:16,-1
23/12/2020 00:21,1
23/12/2020 00:26,1
23/12/2020 00:31,1
23/12/2020 00:36,1
23/12/2020 00:41,1
23/12/2020 00:46,1
23/12/2020 00:51,1
23/12/2020 00:56,1
23/12/2020 01:01,1
23/12/2020 01:06,1
23/12/2020 01:11,1
23/12/2020 01:16,1
23/12/2020 01:21,1
23/12/2020 01:26,1
23/12/2020 01:31,1
23/12/2020 01:36,1
23/12/2020 01:41,1
23/12/2020 01:46,-1
23/12/2020 01:51,1
23/12/2020 01:56,-1
23/12/2020 02:01,-1
23/12/2020 02:06,-1
23/12/2020 02:11,1
23/12/2020 02:17,1
23/12/2020 02:22,1
23/12/2020 02:27,1
23/12/2020 02:32,-1
23/12/2020 02:37,1
23/12/2020 02:42,1
23/12/2020 02:47,1
23/12/2020 02:52,1
23/12/2020 02:57,1
23/12/2020 03:02,1
23/12/2020 03:07,1
23/12/2020 03:12,1
23/12/2020 03:17,-1
23/12/2020 03:22,1
23/12/2020 03:27,1
23/12/2020 03:32,1
23/12/2020 03:37,1
23/12/2020 03:42,1
23/12/2020 03:47,1
23/12/2020 03:52,0
23/12/2020 03:57,1
23/12/2020 04:02,1
23/12/2020 04:07,1
23/12/2020 04:12,1
23/12/2020 04:17,-1
23/12/2020 04:22,1
23/12/2020 04:27,1
23/12/2020 04:32,1
23/12/2020 04:37,-1
23/12/2020 04:42,1
23/12/2020 04:47,-1
23/12/2020 04:52,-1
23/12/2020 04:57,1
23/12/2020 05:02,1
23/12/2020 05:07,0
23/12/2020 05:12,1
23/12/2020 05:18,-1
23/12/2020 05:23,1
23/12/2020 05:28,-1
23/12/2020 05:33,1
23/12/2020 05:38,-1
23/12/2020 05:43,0
23/12/2020 05:48,1
23/12/2020 05:53,-1
23/12/2020 05:58,-1
23/12/2020 06:03,1
23/12/2020 06:08,-1
23/12/2020 06:13,0
23/12/2020 06:18,1
23/12/2020 06:23,-1
23/12/2020 06:28,-1
23/12/2020 06:33,-1
23/12/2020 06:38,-1
23/12/2020 06:43,0
23/12/2020 06:48,-1
23/12/2020 06:53,-1
23/12/2020 06:58,-1
23/12/2020 07:03,1
23/12/2020 07:08,1
23/12/2020 07:13,1
23/12/2020 07:18,1
23/12/2020 07:23,-1
23/12/2020 07:28,1
23/12/2020 07:33,0
23/12/2020 07:38,1
23/12/2020 07:43,1
23/12/2020 07:48,1
23/12/2020 07:53,1
23/12/2020 07:58,-1
23/12/2020 08:03,0
23/12/2020 08:08,1
23/12/2020 08:13,1
23/12/2020 08:19,1
23/12/2020 08:24,1
23/12/2020 08:29,1
23/12/2020 08:34,1
23/12/2020 08:39,1
23/12/2020 08:44,1
23/12/2020 08:49,1
23/12/2020 08:54,1
23/12/2020 08:59,1
23/12/2020 09:04,1
23/12/2020 09:09,1
23/12/2020 09:14,1
23/12/2020 09:19,1
23/12/2020 09:24,1
23/12/2020 09:29,1
23/12/2020 09:34,1
23/12/2020 09:39,1
23/12/2020 09:44,1
23/12/2020 09:49,1
23/12/2020 09:54,1
23/12/2020 09:59,1
23/12/2020 10:04,1
23/12/2020 10:09,1
23/12/2020 10:14,1
23/12/2020 10:19,1
23/12/2020 10:24,1
23/12/2020 10:29,1
23/12/2020 10:35,1
23/12/2020 10:40,-1
23/12/2020 10:45,1
23/12/2020 10:50,1
23/12/2020 10:55,1
23/12/2020 11:00,1
23/12/2020 11:05,1
23/12/2020 11:10,1
23/12/2020 11:15,1
23/12/2020 11:20,1
23/12/2020 11:25,1
23/12/2020 11:30,1
23/12/2020 11:35,1
23/12/2020 11:40,-1
23/12/2020 11:45,1
23/12/2020 11:50,1
23/12/2020 11:55,1
23/12/2020 12:00,1
23/12/2020 12:05,1
23/12/2020 12:10,-1
23/12/2020 12:15,1
23/12/2020 12:20,1
23/12/2020 12:25,1
23/12/2020 12:30,1
23/12/2020 12:36,1
23/12/2020 12:41,1
23/12/2020 12:46,1
23/12/2020 12:51,1
23/12/2020 12:56,1
23/12/2020 13:01,1
23/12/2020 13:06,1
23/12/2020 13:11,-1
23/12/2020 13:16,1
23/12/2020 13:21,1
23/12/2020 13:26,1
23/12/2020 13:31,1
23/12/2020 13:36,1
23/12/2020 13:41,1
23/12/2020 13:46,1
23/12/2020 13:51,1
23/12/2020 13:56,1
23/12/2020 14:01,1
23/12/2020 14:06,1
23/12/2020 14:11,1
23/12/2020 14:16,1
23/12/2020 14:21,1
23/12/2020 14:27,1
23/12/2020 14:32,1
23/12/2020 14:37,1
23/12/2020 14:42,1
23/12/2020 14:47,1
23/12/2020 14:52,1
23/12/2020 14:57,1
23/12/2020 15:02,1
23/12/2020 15:07,1
23/12/2020 15:12,-1
23/12/2020 15:17,1
23/12/2020 15:22,1
23/12/2020 15:27,1
23/12/2020 15:32,1
23/12/2020 15:37,1
23/12/2020 15:42,1
23/12/2020 15:47,1
23/12/2020 15:52,1
23/12/2020 15:57,1
23/12/2020 16:02,1
23/12/2020 16:07,1
23/12/2020 16:13,1
23/12/2020 16:18,1
23/12/2020 16:23,1
23/12/2020 16:28,1
23/12/2020 16:33,1
23/12/2020 16:38,1
23/12/2020 16:43,1
23/12/2020 16:48,1
23/12/2020 16:53,1
23/12/2020 16:58,1
23/12/2020 17:03,1
23/12/2020 17:08,1
23/12/2020 17:13,1
23/12/2020 17:18,1
23/12/2020 17:23,1
23/12/2020 17:28,1
23/12/2020 17:33,1
23/12/2020 17:38,1
23/12/2020 17:43,1
23/12/2020 17:48,1
23/12/2020 17:53,1
23/12/2020 17:58,-1
23/12/2020 18:04,1
23/12/2020 18:09,1
23/12/2020 18:14,1
23/12/2020 18:19,1
23/12/2020 18:24,1
23/12/2020 18:29,1
23/12/2020 18:34,1
23/12/2020 18:39,1
23/12/2020 18:44,1
23/12/2020 18:49,1
23/12/2020 18:54,1
23/12/2020 18:59,1
23/12/2020 19:04,-1
23/12/2020 19:09,1
23/12/2020 19:14,1
23/12/2020 19:19,1
23/12/2020 19:24,1
23/12/2020 19:29,1
23/12/2020 19:34,1
23/12/2020 19:39,1
23/12/2020 19:44,-1
23/12/2020 19:50,1
23/12/2020 19:55,-1
23/12/2020 20:00,1
23/12/2020 20:05,1
23/12/2020 20:10,1
23/12/2020 20:15,-1
23/12/2020 20:20,1
23/12/2020 20:25,1
23/12/2020 20:30,1
23/12/2020 20:35,1
23/12/2020 20:40,1
23/12/2020 20:45,1
23/12/2020 20:50,1
23/12/2020 20:55,1
23/12/2020 21:00,1
23/12/2020 21:05,1
23/12/2020 21:10,1
23/12/2020 21:16,1
23/12/2020 21:21,1
23/12/2020 21:26,1
23/12/2020 21:31,1
23/12/2020 21:36,1
23/12/2020 21:41,1
23/12/2020 21:46,1
23/12/2020 21:51,1
23/12/2020 21:56,1
23/12/2020 22:01,1
23/12/2020 22:06,1
23/12/2020 22:11,1
23/12/2020 22:16,1
23/12/2020 22:21,1
23/12/2020 22:26,1
23/12/2020 22:31,1
23/12/2020 22:36,0
23/12/2020 22:41,1
23/12/2020 22:47,1
23/12/2020 22:52,1
23/12/2020 22:57,-1
23/12/2020 23:02,1
23/12/2020 23:07,-1
23/12/2020 23:12,1
23/12/2020 23:17,1
23/12/2020 23:22,1
23/12/2020 23:27,-1
23/12/2020 23:32,1
23/12/2020 23:37,1
23/12/2020 23:42,1
23/12/2020 23:47,1
23/12/2020 23:52,1
23/12/2020 23:57,-1
24/12/2020 00:02,1
24/12/2020 00:07,0
24/12/2020 00:12,1
24/12/2020 00:17,1
24/12/2020 00:22,1
24/12/2020 00:27,1
24/12/2020 00:32,1
24/12/2020 00:37,1
24/12/2020 00:42,-1
24/12/2020 00:47,1
24/12/2020 00:52,1
24/12/2020 00:57,1
24/12/2020 01:03,1
24/12/2020 01:08,1
24/12/2020 01:13,-1
24/12/2020 01:18,1
24/12/2020 01:23,-1
24/12/2020 01:28,-1
24/12/2020 01:33,1
24/12/2020 01:38,-1
24/12/2020 01:43,1
24/12/2020 01:48,1
24/12/2020 01:53,1
24/12/2020 01:58,-1
24/12/2020 02:03,-1
24/12/2020 02:08,1
24/12/2020 02:13,1
24/12/2020 02:18,1
24/12/2020 02:23,-1
24/12/2020 02:28,1
24/12/2020 02:33,-1
24/12/2020 02:38,-1
24/12/2020 02:43,1
24/12/2020 02:48,1
24/12/2020 02:53,-1
24/12/2020 02:58,1
24/12/2020 03:03,-1
24/12/2020 03:08,1
24/12/2020 03:13,-1
24/12/2020 03:18,1
24/12/2020 03:23,-1
24/12/2020 03:28,-1
24/12/2020 03:33,1
24/12/2020 03:38,1
24/12/2020 03:43,-1
24/12/2020 03:49,1
24/12/2020 03:54,1
24/12/2020 03:59,1
24/12/2020 04:04,1
24/12/2020 04:09,1
24/12/2020 04:14,-1
24/12/2020 04:19,1
24/12/2020 04:24,-1
24/12/2020 04:29,-1
24/12/2020 04:34,1
24/12/2020 04:39,1
24/12/2020 04:44,1
24/12/2020 04:49,-1
24/12/2020 04:54,-1
24/12/2020 04:59,1
24/12/2020 05:04,1
24/12/2020 05:09,1
24/12/2020 05:14,1
24/12/2020 05:19,1
24/12/2020 05:24,1
24/12/2020 05:29,0
24/12/2020 05:34,-1
24/12/2020 05:39,1
24/12/2020 05:44,1
24/12/2020 05:49,1
24/12/2020 05:54,-1
24/12/2020 05:59,-1
24/12/2020 06:04,-1
24/12/2020 06:09,-1
24/12/2020 06:14,1
24/12/2020 06:19,-1
24/12/2020 06:24,-1
24/12/2020 06:29,1
24/12/2020 06:34,1
24/12/2020 06:39,1
24/12/2020 06:44,1
24/12/2020 06:49,-1
24/12/2020 06:54,1
24/12/2020 06:59,1
24/12/2020 07:05,1
24/12/2020 07:10,1
24/12/2020 07:15,1
24/12/2020 07:20,1
24/12/2020 07:25,1
24/12/2020 07:30,1
24/12/2020 07:35,1
24/12/2020 07:40,1
24/12/2020 07:45,1
24/12/2020 07:50,1
24/12/2020 07:55,1
24/12/2020 08:00,1
24/12/2020 08:05,1
24/12/2020 08:10,1
24/12/2020 08:15,1
24/12/2020 08:20,1
24/12/2020 08:25,1
24/12/2020 08:30,1
24/12/2020 08:35,1
24/12/2020 08:40,1
24/12/2020 08:45,1
24/12/2020 08:50,1
24/12/2020 08:55,1
24/12/2020 09:00,1
24/12/2020 09:05,1
24/12/2020 09:10,1
24/12/2020 09:15,1
24/12/2020 09:21,1
24/12/2020 09:26,1
24/12/2020 09:31,1
24/12/2020 09:36,1
24/12/2020 09:41,1
24/12/2020 09:46,1
24/12/2020 09:51,1
24/12/2020 09:56,1
24/12/2020 10:01,1
24/12/2020 10:06,1
24/12/2020 10:11,1
24/12/2020 10:16,1
24/12/2020 10:21,1
24/12/2020 10:26,1
24/12/2020 10:31,-1
24/12/2020 10:36,1
24/12/2020 10:41,1
24/12/2020 10:46,1
24/12/2020 10:51,1
24/12/2020 10:56,1
24/12/2020 11:01,1
24/12/2020 11:07,1
24/12/2020 11:12,1
24/12/2020 11:17,1
24/12/2020 11:22,1
24/12/2020 11:27,1
24/12/2020 11:32,1
24/12/2020 11:37,1
24/12/2020 11:42,1
24/12/2020 11:47,1
24/12/2020 11:52,1
24/12/2020 11:57,1
24/12/2020 12:02,1
24/12/2020 12:07,1
24/12/2020 12:12,1
24/12/2020 12:17,1
24/12/2020 12:22,1
24/12/2020 12:27,1
24/12/2020 12:32,1
24/12/2020 12:37,1
24/12/2020 12:42,1
24/12/2020 12:47,1
24/12/2020 12:53,1
24/12/2020 12:58,1
24/12/2020 13:03,1
24/12/2020 13:08,1
24/12/2020 13:13,1
24/12/2020 13:18,1
24/12/2020 13:23,1
24/12/2020 13:28,1
24/12/2020 13:33,1
24/12/2020 13:38,1
24/12/2020 13:43,1
24/12/2020 13:48,1
24/12/2020 13:53,1
24/12/2020 13:58,-1
24/12/2020 14:03,1
24/12/2020 14:08,1
24/12/2020 14:13,1
24/12/2020 14:18,1
24/12/2020 14:23,1
24/12/2020 14:28,1
24/12/2020 14:33,1
24/12/2020 14:38,1
24/12/2020 14:43,1
24/12/2020 14:49,1
24/12/2020 14:54,1
24/12/2020 14:59,1
24/12/2020 15:04,1
24/12/2020 15:09,1
24/12/2020 15:14,1
24/12/2020 15:19,1
24/12/2020 15:24,1
24/12/2020 15:29,-1
24/12/2020 15:34,1
24/12/2020 15:39,1
24/12/2020 15:44,1
24/12/2020 15:49,1
24/12/2020 15:54,-1
24/12/2020 15:59,1
24/12/2020 16:04,1
24/12/2020 16:09,1
24/12/2020 16:14,1
24/12/2020 16:19,1
24/12/2020 16:24,1
24/12/2020 16:29,1
24/12/2020 16:34,-1
24/12/2020 16:40,1
24/12/2020 16:45,1
24/12/2020 16:50,1
24/12/2020 16:55,1
24/12/2020 17:00,1
24/12/2020 17:05,-1
24/12/2020 17:10,1
24/12/2020 17:15,1
24/12/2020 17:20,1
24/12/2020 17:25,1
24/12/2020 17:30,1
24/12/2020 17:35,1
24/12/2020 17:40,0
24/12/2020 17:45,1
24/12/2020 17:50,1
24/12/2020 17:55,1
24/12/2020 18:00,1
24/12/2020 18:05,1
24/12/2020 18:10,1
24/12/2020 18:15,1
24/12/2020 18:20,1
24/12/2020 18:26,1
24/12/2020 18:31,1
24/12/2020 18:36,-1
24/12/2020 18:41,1
24/12/2020 18:46,1
24/12/2020 18:51,1
24/12/2020 18:56,1
24/12/2020 19:01,1
24/12/2020 19:06,1
24/12/2020 19:11,1
24/12/2020 19:16,1
24/12/2020 19:21,1
24/12/2020 19:26,1
24/12/2020 19:31,1
24/12/2020 19:36,1
24/12/2020 19:41,1
24/12/2020 19:46,1
24/12/2020 19:51,1
24/12/2020 19:56,1
24/12/2020 20:01,1
24/12/2020 20:06,1
24/12/2020 20:11,1
24/12/2020 20:17,1
24/12/2020 20:22,-1
24/12/2020 20:27,-1
24/12/2020 20:32,-1
24/12/2020 20:37,1
24/12/2020 20:42,1
24/12/2020 20:47,1
24/12/2020 20:52,1
24/12/2020 20:57,-1
24/12/2020 21:02,1
24/12/2020 21:07,1
24/12/2020 21:12,1
24/12/2020 21:17,1
24/12/2020 21:22,1
24/12/2020 21:27,1
24/12/2020 21:32,1
24/12/2020 21:37,1
24/12/2020 21:42,1
24/12/2020 21:47,1
24/12/2020 21:52,1
24/12/2020 21:57,1
24/12/2020 22:02,1
24/12/2020 22:07,1
24/12/2020 22:13,1
24/12/2020 22:18,1
24/12/2020 22:23,1
24/12/2020 22:28,1
24/12/2020 22:33,1
24/12/2020 22:38,1
24/12/2020 22:43,1
24/12/2020 22:48,1
24/12/2020 22:53,1
24/12/2020 22:58,1
24/12/2020 23:03,1
24/12/2020 23:08,1
24/12/2020 23:13,1
24/12/2020 23:18,1
24/12/2020 23:23,1
24/12/2020 23:28,1
24/12/2020 23:33,1
24/12/2020 23:38,1
24/12/2020 23:43,1
24/12/2020 23:48,1
24/12/2020 23:53,-1
24/12/2020 23:58,-1
25/12/2020 00:03,1
25/12/2020 00:08,1
25/12/2020 00:14,-1
25/12/2020 00:19,1
25/12/2020 00:24,1
25/12/2020 00:29,1
25/12/2020 00:34,1
25/12/2020 00:39,1
25/12/2020 00:44,1
25/12/2020 00:49,1
25/12/2020 00:54,1
25/12/2020 00:59,1
25/12/2020 01:04,1
25/12/2020 01:09,1
25/12/2020 01:15,1
25/12/2020 01:20,1
25/12/2020 01:25,1
25/12/2020 01:30,1
25/12/2020 01:35,-1
25/12/2020 01:40,-1
25/12/2020 01:45,1
25/12/2020 01:50,1
25/12/2020 01:55,1
25/12/2020 02:00,0
25/12/2020 02:05,1
25/12/2020 02:10,1
25/12/2020 02:15,1
25/12/2020 02:20,1
25/12/2020 02:25,1
25/12/2020 02:30,1
25/12/2020 02:35,-1
25/12/2020 02:40,-1
25/12/2020 02:46,1
25/12/2020 02:51,-1
25/12/2020 02:56,1
25/12/2020 03:01,1
25/12/2020 03:06,1
25/12/2020 03:11,1
25/12/2020 03:16,1
25/12/2020 03:21,1
25/12/2020 03:26,1
25/12/2020 03:31,1
25/12/2020 03:36,1
25/12/2020 03:41,1
25/12/2020 03:46,1
25/12/2020 03:51,1
25/12/2020 03:56,1
25/12/2020 04:01,1
25/12/2020 04:06,1
25/12/2020 04:11,1
25/12/2020 04:16,1
25/12/2020 04:21,-1
25/12/2020 04:26,1
25/12/2020 04:31,1
25/12/2020 04:36,-1
25/12/2020 04:41,1
25/12/2020 04:46,-1
25/12/2020 04:51,-1
25/12/2020 04:56,-1
25/12/2020 05:02,-1
25/12/2020 05:07,-1
25/12/2020 05:12,-1
25/12/2020 05:17,1
25/12/2020 05:22,-1
25/12/2020 05:27,-1
25/12/2020 05:32,-1
25/12/2020 05:37,1
25/12/2020 05:42,1
25/12/2020 05:47,1
25/12/2020 05:52,1
25/12/2020 05:57,1
25/12/2020 06:02,1
25/12/2020 06:07,1
25/12/2020 06:12,-1
25/12/2020 06:17,1
25/12/2020 06:22,1
25/12/2020 06:27,1
25/12/2020 06:32,-1
25/12/2020 06:37,1
25/12/2020 06:42,1
25/12/2020 06:47,1
25/12/2020 06:52,1
25/12/2020 06:57,1
25/12/2020 07:02,1
25/12/2020 07:08,1
25/12/2020 07:13,1
25/12/2020 07:18,1
25/12/2020 07:23,1
25/12/2020 07:28,1
25/12/2020 07:33,1
25/12/2020 07:38,1
25/12/2020 07:43,1
25/12/2020 07:48,1
25/12/2020 07:53,1
25/12/2020 07:58,1
25/12/2020 08:03,1
25/12/2020 08:08,1
25/12/2020 08:13,1
25/12/2020 08:18,1
25/12/2020 08:23,1
25/12/2020 08:28,1
25/12/2020 08:33,1
25/12/2020 08:38,1
25/12/2020 08:44,1
25/12/2020 08:49,1
25/12/2020 08:54,1
25/12/2020 08:59,1
25/12/2020 09:04,1
25/12/2020 09:09,1
25/12/2020 09:14,1
25/12/2020 09:19,1
25/12/2020 09:24,1
25/12/2020 09:29,1
25/12/2020 09:34,1
25/12/2020 09:39,1
25/12/2020 09:44,1
25/12/2020 09:49,1
25/12/2020 09:55,1
25/12/2020 10:00,1
25/12/2020 10:05,1
25/12/2020 10:10,1
25/12/2020 10:15,1
25/12/2020 10:20,1
25/12/2020 10:25,1
25/12/2020 10:30,1
25/12/2020 10:35,1
25/12/2020 10:40,1
25/12/2020 10:45,1
25/12/2020 10:51,1
25/12/2020 10:56,1
25/12/2020 11:01,1
25/12/2020 11:06,1
25/12/2020 11:11,1
25/12/2020 11:16,1
25/12/2020 11:21,1
25/12/2020 11:26,1
25/12/2020 11:31,1
25/12/2020 11:36,1
25/12/2020 11:41,1
25/12/2020 11:46,1
25/12/2020 11:51,1
25/12/2020 11:57,1
25/12/2020 12:02,1
25/12/2020 12:07,1
25/12/2020 12:12,1
25/12/2020 12:17,1
25/12/2020 12:22,1
25/12/2020 12:27,1
25/12/2020 12:32,1
25/12/2020 12:37,1
25/12/2020 12:42,1
25/12/2020 12:47,1
25/12/2020 12:52,1
25/12/2020 12:58,1
25/12/2020 13:03,1
25/12/2020 13:08,0
25/12/2020 13:13,1
25/12/2020 13:18,1
25/12/2020 13:23,1
25/12/2020 13:28,1
25/12/2020 13:33,1
25/12/2020 13:38,1
25/12/2020 13:43,1
25/12/2020 13:48,1
25/12/2020 13:53,1
25/12/2020 13:58,1
25/12/2020 14:03,1
25/12/2020 14:09,1
25/12/2020 14:14,1
25/12/2020 14:19,1
25/12/2020 14:24,1
25/12/2020 14:29,1
25/12/2020 14:34,1
25/12/2020 14:39,1
25/12/2020 14:44,1
25/12/2020 14:49,1
25/12/2020 14:54,1
25/12/2020 14:59,1
25/12/2020 15:04,1
25/12/2020 15:09,1
25/12/2020 15:15,1
25/12/2020 15:20,1
25/12/2020 15:25,1
25/12/2020 15:30,1
25/12/2020 15:35,1
25/12/2020 15:40,1
25/12/2020 15:45,1
25/12/2020 15:50,1
25/12/2020 15:55,1
25/12/2020 16:00,1
25/12/2020 16:05,1
25/12/2020 16:10,-1
25/12/2020 16:15,1
25/12/2020 16:20,1
25/12/2020 16:25,1
25/12/2020 16:30,1
25/12/2020 16:36,1
25/12/2020 16:41,1
25/12/2020 16:46,1
25/12/2020 16:51,1
25/12/2020 16:56,1
25/12/2020 17:01,1
25/12/2020 17:06,1
25/12/2020 17:11,-1
25/12/2020 17:16,1
25/12/2020 17:21,1
25/12/2020 17:26,1
25/12/2020 17:31,1
25/12/2020 17:36,1
25/12/2020 17:41,1
25/12/2020 17:46,1
25/12/2020 17:51,1
25/12/2020 17:57,1
25/12/2020 18:02,1
25/12/2020 18:07,1
25/12/2020 18:12,1
25/12/2020 18:17,1
25/12/2020 18:22,1
25/12/2020 18:27,1
25/12/2020 18:32,1
25/12/2020 18:37,1
25/12/2020 18:42,1
25/12/2020 18:47,1
25/12/2020 18:52,1
25/12/2020 18:57,1
25/12/2020 19:02,1
25/12/2020 19:07,1
25/12/2020 19:12,1
25/12/2020 19:17,1
25/12/2020 19:22,1
25/12/2020 19:28,1
25/12/2020 19:33,1
25/12/2020 19:38,1
25/12/2020 19:43,1
25/12/2020 19:48,1
25/12/2020 19:53,1
25/12/2020 19:58,1
25/12/2020 20:03,1
25/12/2020 20:08,1
25/12/2020 20:13,1
25/12/2020 20:18,1
25/12/2020 20:23,1
25/12/2020 20:28,1
25/12/2020 20:33,1
25/12/2020 20:38,1
25/12/2020 20:43,1
25/12/2020 20:48,1
25/12/2020 20:53,1
25/12/2020 20:58,1
25/12/2020 21:03,1
25/12/2020 21:09,1
25/12/2020 21:14,1
25/12/2020 21:19,1
25/12/2020 21:24,1
25/12/2020 21:29,1
25/12/2020 21:34,1
25/12/2020 21:39,1
25/12/2020 21:44,1
25/12/2020 21:49,1
25/12/2020 21:54,1
25/12/2020 21:59,1
25/12/2020 22:04,1
25/12/2020 22:09,1
25/12/2020 22:14,1
25/12/2020 22:19,1
25/12/2020 22:24,-1
25/12/2020 22:29,1
25/12/2020 22:34,1
25/12/2020 22:39,1
25/12/2020 22:44,1
25/12/2020 22:50,1
25/12/2020 22:55,1
25/12/2020 23:00,1
25/12/2020 23:05,0
25/12/2020 23:10,1
25/12/2020 23:15,1
25/12/2020 23:20,1
25/12/2020 23:25,1
25/12/2020 23:30,1
25/12/2020 23:35,1
25/12/2020 23:40,1
25/12/2020 23:45,1
25/12/2020 23:50,1
25/12/2020 23:55,1
26/12/2020 00:00,1
26/12/2020 00:05,1
26/12/2020 00:10,-1
26/12/2020 00:15,1
26/12/2020 00:20,1
26/12/2020 00:25,1
26/12/2020 00:30,1
26/12/2020 00:35,1
26/12/2020 00:40,-1
26/12/2020 00:45,1
26/12/2020 00:50,1
26/12/2020 00:55,1
26/12/2020 01:01,1
26/12/2020 01:06,1
26/12/2020 01:11,1
26/12/2020 01:16,-1
26/12/2020 01:21,1
26/12/2020 01:26,1
26/12/2020 01:31,1
26/12/2020 01:36,1
26/12/2020 01:41,1
26/12/2020 01:46,1
26/12/2020 01:51,1
26/12/2020 01:56,1
26/12/2020 02:01,1
26/12/2020 02:06,1
26/12/2020 02:11,-1
26/12/2020 02:16,1
26/12/2020 02:21,1
26/12/2020 02:26,1
26/12/2020 02:31,1
26/12/2020 02:36,-1
26/12/2020 02:41,0
26/12/2020 02:46,1
26/12/2020 02:51,-1
26/12/2020 02:56,1
26/12/2020 03:01,1
26/12/2020 03:06,-1
26/12/2020 03:11,0
26/12/2020 03:16,1
26/12/2020 03:21,-1
26/12/2020 03:26,1
26/12/2020 03:31,1
26/12/2020 03:36,1
26/12/2020 03:41,0
26/12/2020 03:46,-1
26/12/2020 03:51,-1
26/12/2020 03:57,1
26/12/2020 04:02,-1
26/12/2020 04:07,0
26/12/2020 04:12,1
26/12/2020 04:17,1
26/12/2020 04:22,0
26/12/2020 04:27,-1
26/12/2020 04:32,-1
26/12/2020 04:37,1
26/12/2020 04:42,1
26/12/2020 04:47,-1
26/12/2020 04:52,1
26/12/2020 04:57,-1
26/12/2020 05:02,1
26/12/2020 05:07,-1
26/12/2020 05:12,1
26/12/2020 05:17,-1
26/12/2020 05:22,-1
26/12/2020 05:27,0
26/12/2020 05:32,1
26/12/2020 05:37,1
26/12/2020 05:42,1
26/12/2020 05:47,-1
26/12/2020 05:52,-1
26/12/2020 05:57,-1
26/12/2020 06:02,-1
26/12/2020 06:07,-1
26/12/2020 06:12,-1
26/12/2020 06:17,1
26/12/2020 06:22,1
26/12/2020 06:27,1
26/12/2020 06:32,1
26/12/2020 06:37,-1
26/12/2020 06:42,1
26/12/2020 06:47,1
26/12/2020 06:53,-1
26/12/2020 06:58,0
26/12/2020 07:03,-1
26/12/2020 07:08,1
26/12/2020 07:13,1
26/12/2020 07:18,1
26/12/2020 07:23,1
26/12/2020 07:28,-1
26/12/2020 07:33,1
26/12/2020 07:38,1
26/12/2020 07:43,1
26/12/2020 07:48,1
26/12/2020 07:53,-1
26/12/2020 07:58,1
26/12/2020 08:03,-1
26/12/2020 08:08,-1
26/12/2020 08:13,1
26/12/2020 08:18,1
26/12/2020 08:23,-1
26/12/2020 08:28,1
26/12/2020 08:33,1
26/12/2020 08:38,1
26/12/2020 08:43,1
26/12/2020 08:48,1
26/12/2020 08:53,1
26/12/2020 08:58,0
26/12/2020 09:03,1
26/12/2020 09:08,1
26/12/2020 09:13,1
26/12/2020 09:18,1
26/12/2020 09:23,1
26/12/2020 09:28,1
26/12/2020 09:34,1
26/12/2020 09:39,1
26/12/2020 09:44,1
26/12/2020 09:49,1
26/12/2020 09:54,1
26/12/2020 09:59,1
26/12/2020 10:04,1
26/12/2020 10:09,-1
26/12/2020 10:14,-1
26/12/2020 10:19,1
26/12/2020 10:24,1
26/12/2020 10:29,1
26/12/2020 10:34,1
26/12/2020 10:39,1
26/12/2020 10:44,1
26/12/2020 10:49,1
26/12/2020 10:54,1
26/12/2020 10:59,1
26/12/2020 11:04,1
26/12/2020 11:09,1
26/12/2020 11:14,1
26/12/2020 11:19,1
26/12/2020 11:24,1
26/12/2020 11:29,1
26/12/2020 11:34,1
26/12/2020 11:39,1
26/12/2020 11:44,1
26/12/2020 11:50,1
26/12/2020 11:55,1
26/12/2020 12:00,1
26/12/2020 12:05,1
26/12/2020 12:10,1
26/12/2020 12:15,1
26/12/2020 12:20,1
26/12/2020 12:25,1
26/12/2020 12:30,1
26/12/2020 12:35,1
26/12/2020 12:40,1
26/12/2020 12:45,1
26/12/2020 12:50,1
26/12/2020 12:55,1
26/12/2020 13:00,1
26/12/2020 13:05,1
26/12/2020 13:10,1
26/12/2020 13:15,1
26/12/2020 13:20,1
26/12/2020 13:25,1
26/12/2020 13:30,-1
26/12/2020 13:35,1
26/12/2020 13:41,0
26/12/2020 13:46,1
26/12/2020 13:51,1
26/12/2020 13:56,1
26/12/2020 14:01,1
26/12/2020 14:06,1
26/12/2020 14:11,1
26/12/2020 14:16,1
26/12/2020 14:21,1
26/12/2020 14:26,1
26/12/2020 14:31,1
26/12/2020 14:36,-1
26/12/2020 14:41,1
26/12/2020 14:46,1
26/12/2020 14:51,1
26/12/2020 14:56,1
26/12/2020 15:02,1
26/12/2020 15:07,1
26/12/2020 15:12,1
26/12/2020 15:17,1
26/12/2020 15:22,1
26/12/2020 15:27,1
26/12/2020 15:32,1
26/12/2020 15:37,1
26/12/2020 15:42,1
26/12/2020 15:47,1
26/12/2020 15:52,1
26/12/2020 15:57,1
26/12/2020 16:02,-1
26/12/2020 16:07,1
26/12/2020 16:12,1
26/12/2020 16:17,1
26/12/2020 16:22,1
26/12/2020 16:27,1
26/12/2020 16:33,1
26/12/2020 16:38,-1
26/12/2020 16:43,1
26/12/2020 16:48,1
26/12/2020 16:53,-1
26/12/2020 16:58,-1
26/12/2020 17:03,1
26/12/2020 17:08,1
26/12/2020 17:13,-1
26/12/2020 17:18,1
26/12/2020 17:23,-1
26/12/2020 17:28,1
26/12/2020 17:33,1
26/12/2020 17:38,-1
26/12/2020 17:43,1
26/12/2020 17:48,-1
26/12/2020 17:53,1
26/12/2020 17:58,1
26/12/2020 18:03,1
26/12/2020 18:09,1
26/12/2020 18:14,1
26/12/2020 18:19,1
26/12/2020 18:24,1
26/12/2020 18:29,1
26/12/2020 18:34,1
26/12/2020 18:39,1
26/12/2020 18:44,1
26/12/2020 18:49,1
26/12/2020 18:54,1
26/12/2020 18:59,1
26/12/2020 19:04,1
26/12/2020 19:10,1
26/12/2020 19:15,1
26/12/2020 19:20,1
26/12/2020 19:25,1
26/12/2020 19:30,1
26/12/2020 19:35,1
26/12/2020 19:40,1
26/12/2020 19:45,1
26/12/2020 19:50,1
26/12/2020 19:55,1
26/12/2020 20:00,1
26/12/2020 20:05,1
26/12/2020 20:10,1
26/12/2020 20:16,1
26/12/2020 20:21,1
26/12/2020 20:26,1
26/12/2020 20:31,1
26/12/2020 20:36,1
26/12/2020 20:41,1
26/12/2020 20:46,1
26/12/2020 20:51,1
26/12/2020 20:56,1
26/12/2020 21:01,1
26/12/2020 21:06,1
26/12/2020 21:11,1
26/12/2020 21:16,1
26/12/2020 21:21,1
26/12/2020 21:26,1
26/12/2020 21:31,1
26/12/2020 21:37,1
26/12/2020 21:42,1
26/12/2020 21:47,1
26/12/2020 21:52,1
26/12/2020 21:57,1
26/12/2020 22:02,1
26/12/2020 22:07,1
26/12/2020 22:12,-1
26/12/2020 22:17,1
26/12/2020 22:22,1
26/12/2020 22:27,1
26/12/2020 22:32,1
26/12/2020 22:38,1
26/12/2020 22:43,1
26/12/2020 22:48,1
26/12/2020 22:53,1
26/12/2020 22:58,1
26/12/2020 23:03,1
26/12/2020 23:08,1
26/12/2020 23:13,1
26/12/2020 23:18,1
26/12/2020 23:24,1
26/12/2020 23:29,1
26/12/2020 23:34,-1
26/12/2020 23:39,1
26/12/2020 23:44,-1
26/12/2020 23:49,1
26/12/2020 23:55,-1
27/12/2020 00:00,1
27/12/2020 00:05,1
27/12/2020 00:10,1
27/12/2020 00:15,1
27/12/2020 00:20,1
27/12/2020 00:25,1
27/12/2020 00:31,1
27/12/2020 00:36,-1
27/12/2020 00:41,1
27/12/2020 00:46,-1
27/12/2020 00:51,1
27/12/2020 00:56,1
27/12/2020 01:01,1
27/12/2020 01:06,1
27/12/2020 01:12,-1
27/12/2020 01:17,1
27/12/2020 01:22,1
27/12/2020 01:27,1
27/12/2020 01:32,-1
27/12/2020 01:37,-1
27/12/2020 01:42,-1
27/12/2020 01:47,-1
27/12/2020 01:52,1
27/12/2020 01:57,1
27/12/2020 02:03,1
27/12/2020 02:08,1
27/12/2020 02:13,-1
27/12/2020 02:18,1
27/12/2020 02:23,1
27/12/2020 02:28,-1
27/12/2020 02:33,-1
27/12/2020 02:38,1
27/12/2020 02:43,1
27/12/2020 02:48,1
27/12/2020 02:53,1
27/12/2020 02:58,1
27/12/2020 03:03,-1
27/12/2020 03:08,-1
27/12/2020 03:13,-1
27/12/2020 03:18,1
27/12/2020 03:23,1
27/12/2020 03:28,-1
27/12/2020 03:34,-1
27/12/2020 03:39,1
27/12/2020 03:44,1
27/12/2020 03:49,1
27/12/2020 03:54,1
27/12/2020 03:59,1
27/12/2020 04:04,-1
27/12/2020 04:09,-1
27/12/2020 04:14,-1
27/12/2020 04:19,-1
27/12/2020 04:24,1
27/12/2020 04:29,-1
27/12/2020 04:34,-1
27/12/2020 04:39,1
27/12/2020 04:44,-1
27/12/2020 04:49,1
27/12/2020 04:54,-1
27/12/2020 04:59,1
27/12/2020 05:04,1
27/12/2020 05:09,-1
27/12/2020 05:14,1
27/12/2020 05:19,-1
27/12/2020 05:24,-1
27/12/2020 05:29,1
27/12/2020 05:34,1
27/12/2020 05:40,-1
27/12/2020 05:45,-1
27/12/2020 05:50,-1
27/12/2020 05:55,-1
27/12/2020 06:00,-1
27/12/2020 06:05,-1
27/12/2020 06:10,-1
27/12/2020 06:15,1
27/12/2020 06:20,1
27/12/2020 06:25,-1
27/12/2020 06:30,-1
27/12/2020 06:35,1
27/12/2020 06:40,1
27/12/2020 06:45,1
27/12/2020 06:50,1
27/12/2020 06:55,1
27/12/2020 07:00,1
27/12/2020 07:05,-1
27/12/2020 07:10,1
27/12/2020 07:15,1
27/12/2020 07:20,1
27/12/2020 07:25,1
27/12/2020 07:30,-1
27/12/2020 07:35,1
27/12/2020 07:40,1
27/12/2020 07:45,1
27/12/2020 07:50,-1
27/12/2020 07:55,1
27/12/2020 08:00,1
27/12/2020 08:05,1
27/12/2020 08:10,1
27/12/2020 08:15,-1
27/12/2020 08:20,1
27/12/2020 08:25,1
27/12/2020 08:30,1
27/12/2020 08:36,1
27/12/2020 08:41,1
27/12/2020 08:46,1
27/12/2020 08:51,-1
27/12/2020 08:56,1
27/12/2020 09:01,1
27/12/2020 09:06,1
27/12/2020 09:11,0
27/12/2020 09:16,1
27/12/2020 09:21,1
27/12/2020 09:26,1
27/12/2020 09:31,1
27/12/2020 09:36,1
27/12/2020 09:41,-1
27/12/2020 09:46,-1
27/12/2020 09:51,1
27/12/2020 09:56,1
27/12/2020 10:01,1
27/12/2020 10:06,-1
27/12/2020 10:11,1
27/12/2020 10:16,1
27/12/2020 10:21,1
27/12/2020 10:26,1
27/12/2020 10:31,1
27/12/2020 10:36,1
27/12/2020 10:41,1
27/12/2020 10:47,1
27/12/2020 10:52,1
27/12/2020 10:57,1
27/12/2020 11:02,1
27/12/2020 11:07,1
27/12/2020 11:12,1
27/12/2020 11:17,1
27/12/2020 11:27,1
27/12/2020 11:32,1
27/12/2020 11:37,1
27/12/2020 11:42,1
27/12/2020 11:47,1
27/12/2020 11:52,0
27/12/2020 11:57,1
27/12/2020 12:02,1
27/12/2020 12:07,1
27/12/2020 12:12,1
27/12/2020 12:17,1
27/12/2020 12:22,1
27/12/2020 12:27,1
27/12/2020 12:32,1
27/12/2020 12:38,1
27/12/2020 12:43,1
27/12/2020 12:48,1
27/12/2020 12:53,1
27/12/2020 12:58,1
27/12/2020 13:03,1
27/12/2020 13:08,1
27/12/2020 13:13,1
27/12/2020 13:18,1
27/12/2020 13:23,1
27/12/2020 13:28,1
27/12/2020 13:33,1
27/12/2020 13:38,1
27/12/2020 13:43,1
27/12/2020 13:48,1
27/12/2020 13:53,1
27/12/2020 13:59,1
27/12/2020 14:04,1
27/12/2020 14:09,1
27/12/2020 14:14,1
27/12/2020 14:19,1
27/12/2020 14:24,1
27/12/2020 14:29,1
27/12/2020 14:34,1
27/12/2020 14:39,1
27/12/2020 14:44,-1
27/12/2020 14:49,1
27/12/2020 14:54,-1
27/12/2020 14:59,1
27/12/2020 15:04,1
27/12/2020 15:09,1
27/12/2020 15:14,1
27/12/2020 15:19,1
27/12/2020 15:24,1
27/12/2020 15:29,1
27/12/2020 15:34,1
27/12/2020 15:39,1
27/12/2020 15:45,1
27/12/2020 15:50,1
27/12/2020 15:55,-1
27/12/2020 16:00,1
27/12/2020 16:05,1
27/12/2020 16:10,1
27/12/2020 16:15,1
27/12/2020 16:20,-1
27/12/2020 16:25,1
27/12/2020 16:30,0
27/12/2020 16:35,1
27/12/2020 16:40,1
27/12/2020 16:45,1
27/12/2020 16:50,1
27/12/2020 16:55,1
27/12/2020 17:00,-1
27/12/2020 17:05,1
27/12/2020 17:10,1
27/12/2020 17:15,-1
27/12/2020 17:20,1
27/12/2020 17:26,1
27/12/2020 17:31,1
27/12/2020 17:36,1
27/12/2020 17:41,1
27/12/2020 17:46,1
27/12/2020 17:51,-1
27/12/2020 17:56,1
27/12/2020 18:01,1
27/12/2020 18:06,1
27/12/2020 18:11,1
27/12/2020 18:16,1
27/12/2020 18:21,1
27/12/2020 18:26,1
27/12/2020 18:31,1
27/12/2020 18:36,1
27/12/2020 18:42,1
27/12/2020 18:47,1
27/12/2020 18:52,-1
27/12/2020 18:57,1
27/12/2020 19:02,1
27/12/2020 19:07,1
27/12/2020 19:12,1
27/12/2020 19:17,1
27/12/2020 19:22,1
27/12/2020 19:27,1
27/12/2020 19:32,1
27/12/2020 19:37,1
27/12/2020 19:42,1
27/12/2020 19:47,1
27/12/2020 19:52,1
27/12/2020 19:57,1
27/12/2020 20:03,1
27/12/2020 20:08,1
27/12/2020 20:13,1
27/12/2020 20:18,1
27/12/2020 20:23,1
27/12/2020 20:28,1
27/12/2020 20:33,1
27/12/2020 20:38,-1
27/12/2020 20:43,1
27/12/2020 20:48,-1
27/12/2020 20:53,1
27/12/2020 20:58,1
27/12/2020 21:03,1
27/12/2020 21:08,1
27/12/2020 21:13,1
27/12/2020 21:18,1
27/12/2020 21:23,-1
27/12/2020 21:28,1
27/12/2020 21:34,1
27/12/2020 21:39,1
27/12/2020 21:44,1
27/12/2020 21:49,1
27/12/2020 21:54,1
27/12/2020 21:59,1
27/12/2020 22:04,1
27/12/2020 22:09,1
27/12/2020 22:14,1
27/12/2020 22:19,-1
27/12/2020 22:24,1
27/12/2020 22:29,1
27/12/2020 22:34,1
27/12/2020 22:39,1
27/12/2020 22:44,1
27/12/2020 22:49,1
27/12/2020 22:55,-1
27/12/2020 23:00,1
27/12/2020 23:05,1
27/12/2020 23:10,-1
27/12/2020 23:15,1
27/12/2020 23:20,1
27/12/2020 23:25,1
27/12/2020 23:30,1
27/12/2020 23:35,-1
27/12/2020 23:40,-1
27/12/2020 23:45,1
27/12/2020 23:50,1
27/12/2020 23:55,1
28/12/2020 00:00,1
28/12/2020 00:05,1
28/12/2020 00:10,1
28/12/2020 00:15,1
28/12/2020 00:20,1
28/12/2020 00:25,1
28/12/2020 00:30,1
28/12/2020 00:35,-1
28/12/2020 00:40,1
28/12/2020 00:45,1
28/12/2020 00:50,1
28/12/2020 00:56,1
28/12/2020 01:01,1
28/12/2020 01:06,1
28/12/2020 01:11,1
28/12/2020 01:16,0
28/12/2020 01:21,-1
28/12/2020 01:26,1
28/12/2020 01:31,-1
28/12/2020 01:36,-1
28/12/2020 01:41,-1
28/12/2020 01:46,-1
28/12/2020 01:51,1
28/12/2020 01:56,-1
28/12/2020 02:01,-1
28/12/2020 02:06,-1
28/12/2020 02:11,1
28/12/2020 02:16,-1
28/12/2020 02:21,-1
28/12/2020 02:26,-1
28/12/2020 02:31,-1
28/12/2020 02:36,1
28/12/2020 02:42,-1
28/12/2020 02:47,1
28/12/2020 02:52,1
28/12/2020 02:57,-1
28/12/2020 03:02,1
28/12/2020 03:07,-1
28/12/2020 03:12,0
28/12/2020 03:17,1
28/12/2020 03:22,1
28/12/2020 03:27,-1
28/12/2020 03:32,-1
28/12/2020 03:37,-1
28/12/2020 03:42,-1
28/12/2020 03:57,-1
28/12/2020 04:02,1
28/12/2020 04:08,1
28/12/2020 04:13,1
28/12/2020 04:18,1
28/12/2020 04:28,-1
28/12/2020 04:48,1
28/12/2020 04:53,1
28/12/2020 04:59,1
28/12/2020 05:04,1
28/12/2020 05:09,-1
28/12/2020 05:14,1
28/12/2020 05:39,1
28/12/2020 05:44,1
28/12/2020 05:49,-1
28/12/2020 05:54,1
28/12/2020 06:00,-1
28/12/2020 06:05,-1
28/12/2020 06:10,-1
28/12/2020 06:15,-1
28/12/2020 06:20,-1
28/12/2020 06:40,1
28/12/2020 06:45,1
28/12/2020 06:50,-1
28/12/2020 06:56,-1
28/12/2020 07:11,1
28/12/2020 07:26,1
28/12/2020 07:31,1
28/12/2020 07:36,1
28/12/2020 07:42,1
28/12/2020 07:47,1
28/12/2020 07:52,1
28/12/2020 08:03,1
28/12/2020 08:09,1
28/12/2020 08:14,-1
28/12/2020 08:39,1
28/12/2020 08:45,1
28/12/2020 09:16,1
28/12/2020 09:36,1
28/12/2020 09:46,1
28/12/2020 09:52,-1
28/12/2020 10:12,1
28/12/2020 10:17,0
28/12/2020 10:22,1
28/12/2020 10:27,1
28/12/2020 10:32,1
28/12/2020 10:37,1
28/12/2020 10:42,1
28/12/2020 10:47,1
28/12/2020 10:53,-1
28/12/2020 10:58,1
28/12/2020 11:03,1
28/12/2020 11:08,-1
28/12/2020 11:13,1
28/12/2020 11:18,1
28/12/2020 11:23,1
28/12/2020 11:28,1
28/12/2020 11:33,1
28/12/2020 12:52,1
28/12/2020 13:08,1
28/12/2020 13:13,1
28/12/2020 13:24,1
28/12/2020 13:29,1
28/12/2020 13:34,1
28/12/2020 13:39,1
28/12/2020 13:50,1
28/12/2020 13:55,1
28/12/2020 14:00,1
28/12/2020 14:05,1
28/12/2020 14:10,1
28/12/2020 14:15,1
28/12/2020 14:20,1
28/12/2020 14:25,1
28/12/2020 14:30,1
28/12/2020 14:36,1
28/12/2020 14:41,1
28/12/2020 14:46,1
28/12/2020 14:51,1
28/12/2020 14:56,1
28/12/2020 15:01,1
28/12/2020 15:07,1
28/12/2020 15:17,1
28/12/2020 15:29,1
28/12/2020 15:51,1
28/12/2020 16:01,1
28/12/2020 16:07,1
28/12/2020 16:17,1
28/12/2020 16:22,1
28/12/2020 16:57,1
28/12/2020 17:02,-1
28/12/2020 17:07,1
28/12/2020 18:36,1
28/12/2020 18:42,1
28/12/2020 18:47,1
28/12/2020 18:52,1
28/12/2020 19:02,1
28/12/2020 19:12,1
28/12/2020 19:17,1
28/12/2020 19:22,1
28/12/2020 19:39,1
28/12/2020 19:44,1
28/12/2020 19:49,1
28/12/2020 19:59,1
28/12/2020 20:05,1
28/12/2020 20:10,1
28/12/2020 20:15,1
28/12/2020 20:25,1
28/12/2020 20:40,1
28/12/2020 20:45,1
28/12/2020 20:51,1
28/12/2020 21:01,1
28/12/2020 21:21,1
28/12/2020 21:26,1
28/12/2020 21:31,1
28/12/2020 21:44,1
28/12/2020 21:54,1
28/12/2020 21:59,-1
28/12/2020 22:15,1
28/12/2020 22:36,1
28/12/2020 23:20,1
28/12/2020 23:25,1
28/12/2020 23:56,1
29/12/2020 00:06,1
29/12/2020 00:11,1
29/12/2020 00:16,1
29/12/2020 00:21,1
29/12/2020 00:26,1
29/12/2020 00:31,1
29/12/2020 00:36,1
29/12/2020 00:41,1
29/12/2020 00:46,1
29/12/2020 00:51,1
29/12/2020 00:56,1
29/12/2020 01:01,1
29/12/2020 01:06,1
29/12/2020 01:11,1
29/12/2020 01:16,1
29/12/2020 01:21,1
29/12/2020 01:26,1
29/12/2020 01:32,1
29/12/2020 01:37,1
29/12/2020 01:42,1
29/12/2020 01:47,1
29/12/2020 01:52,1
29/12/2020 01:57,1
29/12/2020 02:03,1
29/12/2020 02:08,1
29/12/2020 02:13,1
29/12/2020 02:18,1
29/12/2020 02:23,1
29/12/2020 02:28,1
29/12/2020 02:33,1
29/12/2020 02:38,1
29/12/2020 02:43,1
29/12/2020 02:48,1
29/12/2020 02:53,-1
29/12/2020 02:59,1
29/12/2020 03:04,1
29/12/2020 03:09,1
29/12/2020 03:14,1
29/12/2020 03:19,1
29/12/2020 03:24,1
29/12/2020 03:39,1
29/12/2020 03:50,1
29/12/2020 03:55,1
29/12/2020 04:05,1
29/12/2020 04:15,-1
29/12/2020 04:26,1
29/12/2020 04:31,1
29/12/2020 04:51,1
29/12/2020 04:57,1
29/12/2020 05:02,1
29/12/2020 05:22,1
29/12/2020 05:27,1
29/12/2020 05:33,1
29/12/2020 05:38,-1
29/12/2020 05:43,0
29/12/2020 05:58,1
29/12/2020 06:08,1
29/12/2020 06:13,1
29/12/2020 06:24,1
29/12/2020 06:30,1
29/12/2020 07:01,1
29/12/2020 07:06,-1
29/12/2020 07:31,1
29/12/2020 07:42,0
29/12/2020 07:47,-1
29/12/2020 07:53,1
29/12/2020 07:58,1
29/12/2020 08:03,0
29/12/2020 08:08,1
29/12/2020 08:13,1
29/12/2020 08:18,1
29/12/2020 08:28,1
29/12/2020 08:33,1
29/12/2020 08:38,-1
29/12/2020 08:43,1
29/12/2020 08:48,1
29/12/2020 08:53,1
29/12/2020 08:58,1
29/12/2020 09:03,1
29/12/2020 09:09,-1
29/12/2020 09:14,0
29/12/2020 09:19,1
29/12/2020 09:24,1
29/12/2020 09:50,1
29/12/2020 09:55,-1
29/12/2020 10:03,1
29/12/2020 10:08,1
29/12/2020 10:13,1
29/12/2020 10:34,1
29/12/2020 10:39,1
29/12/2020 10:44,1
29/12/2020 11:04,1
29/12/2020 11:09,1
29/12/2020 11:14,0
29/12/2020 11:20,-1
29/12/2020 11:25,1
29/12/2020 11:30,1
29/12/2020 11:50,1
29/12/2020 11:56,1
29/12/2020 12:11,1
29/12/2020 12:16,1
29/12/2020 12:21,1
29/12/2020 12:26,1
29/12/2020 13:14,1
29/12/2020 13:19,1
29/12/2020 13:24,1
29/12/2020 13:29,1
29/12/2020 13:34,1
29/12/2020 13:39,1
29/12/2020 13:44,-1
29/12/2020 13:49,1
29/12/2020 13:54,1
29/12/2020 13:59,1
29/12/2020 14:05,1
29/12/2020 14:10,1
29/12/2020 14:15,-1
29/12/2020 14:20,1
29/12/2020 14:25,1
29/12/2020 14:30,1
29/12/2020 14:35,1
29/12/2020 14:40,1
29/12/2020 14:45,1
29/12/2020 14:50,1
29/12/2020 14:55,1
29/12/2020 15:00,1
29/12/2020 15:05,1
29/12/2020 15:10,1
29/12/2020 15:15,-1
29/12/2020 15:20,1
29/12/2020 15:25,-1
29/12/2020 15:30,1
29/12/2020 15:36,1
29/12/2020 15:41,-1
29/12/2020 15:46,1
29/12/2020 15:51,1
29/12/2020 15:56,-1
29/12/2020 16:01,1
29/12/2020 16:06,1
29/12/2020 16:11,1
29/12/2020 16:16,1
29/12/2020 16:21,-1
29/12/2020 16:26,1
29/12/2020 16:31,1
29/12/2020 16:36,1
29/12/2020 16:41,1
29/12/2020 16:46,1
29/12/2020 16:51,1
29/12/2020 16:56,1
29/12/2020 17:02,0
29/12/2020 17:07,1
29/12/2020 17:12,1
29/12/2020 17:17,1
29/12/2020 17:22,1
29/12/2020 17:27,1
29/12/2020 17:32,1
29/12/2020 17:37,1
29/12/2020 17:42,1
29/12/2020 17:47,1
29/12/2020 17:52,1
29/12/2020 17:57,1
29/12/2020 18:02,1
29/12/2020 18:07,1
29/12/2020 18:13,1
29/12/2020 18:18,1
29/12/2020 18:23,1
29/12/2020 18:28,1
29/12/2020 18:33,1
29/12/2020 18:38,1
29/12/2020 18:43,1
29/12/2020 18:48,1
29/12/2020 18:53,1
29/12/2020 18:58,1
29/12/2020 19:03,1
29/12/2020 19:08,1
29/12/2020 19:13,-1
29/12/2020 19:19,1
29/12/2020 19:24,1
29/12/2020 19:29,-1
29/12/2020 19:34,1
29/12/2020 19:39,1
29/12/2020 19:44,1
29/12/2020 19:49,1
29/12/2020 19:54,1
29/12/2020 19:59,-1
29/12/2020 20:04,1
29/12/2020 20:09,1
29/12/2020 20:14,1
29/12/2020 20:19,1
29/12/2020 20:25,1
29/12/2020 20:30,1
29/12/2020 20:35,1
29/12/2020 20:40,-1
29/12/2020 20:45,1
29/12/2020 20:50,1
29/12/2020 20:55,1
29/12/2020 21:00,1
29/12/2020 21:05,1
29/12/2020 21:10,1
29/12/2020 21:15,1
29/12/2020 21:20,1
29/12/2020 21:26,-1
29/12/2020 21:31,1
29/12/2020 21:36,1
29/12/2020 21:41,1
29/12/2020 21:46,1
29/12/2020 21:51,-1
29/12/2020 21:56,1
29/12/2020 22:01,1
29/12/2020 22:06,1
29/12/2020 22:11,1
29/12/2020 22:16,1
29/12/2020 22:21,1
29/12/2020 22:27,1
29/12/2020 22:32,1
29/12/2020 22:37,1
29/12/2020 22:42,1
29/12/2020 22:47,1
29/12/2020 22:52,1
29/12/2020 22:57,-1
29/12/2020 23:02,1
29/12/2020 23:07,1
29/12/2020 23:12,1
29/12/2020 23:17,1
29/12/2020 23:23,1
29/12/2020 23:28,1
29/12/2020 23:33,1
29/12/2020 23:38,1
29/12/2020 23:43,-1
29/12/2020 23:48,1
29/12/2020 23:53,1
29/12/2020 23:58,1
30/12/2020 00:03,1
30/12/2020 00:08,1
30/12/2020 00:13,1
30/12/2020 00:18,1
30/12/2020 00:23,1
30/12/2020 00:29,1
30/12/2020 00:34,1
30/12/2020 00:39,1
30/12/2020 00:44,-1
30/12/2020 00:49,1
30/12/2020 00:54,1
30/12/2020 00:59,1
30/12/2020 01:04,1
30/12/2020 01:09,1
30/12/2020 01:14,1
30/12/2020 01:19,-1
30/12/2020 01:24,1
30/12/2020 01:29,-1
30/12/2020 01:34,1
30/12/2020 01:39,-1
30/12/2020 01:44,1
30/12/2020 01:49,1
30/12/2020 01:54,1
30/12/2020 01:59,-1
30/12/2020 02:04,1
30/12/2020 02:09,1
30/12/2020 02:14,-1
30/12/2020 02:20,1
30/12/2020 02:25,-1
30/12/2020 02:30,1
30/12/2020 02:35,1
30/12/2020 02:40,-1
30/12/2020 02:45,1
30/12/2020 02:50,1
30/12/2020 02:55,1
30/12/2020 03:00,-1
30/12/2020 03:05,1
30/12/2020 03:10,1
30/12/2020 03:15,-1
30/12/2020 03:20,1
30/12/2020 03:25,-1
30/12/2020 03:30,1
30/12/2020 03:35,1
30/12/2020 03:40,1
30/12/2020 03:45,1
30/12/2020 03:50,1
30/12/2020 03:55,1
30/12/2020 04:00,1
30/12/2020 04:05,1
30/12/2020 04:10,-1
30/12/2020 04:15,-1
30/12/2020 04:21,-1
30/12/2020 04:26,1
30/12/2020 04:31,-1
30/12/2020 04:36,-1
30/12/2020 04:41,-1
30/12/2020 04:46,-1
30/12/2020 04:51,1
30/12/2020 04:56,1
30/12/2020 05:01,-1
30/12/2020 05:06,-1
30/12/2020 05:11,-1
30/12/2020 05:16,1
30/12/2020 05:21,-1
30/12/2020 05:26,1
30/12/2020 05:31,1
30/12/2020 05:36,-1
30/12/2020 05:41,1
30/12/2020 05:46,1
30/12/2020 05:51,1
30/12/2020 05:56,1
30/12/2020 06:01,1
30/12/2020 06:06,1
30/12/2020 06:11,1
30/12/2020 06:16,1
30/12/2020 06:21,1
30/12/2020 06:26,-1
30/12/2020 06:31,0
30/12/2020 06:36,1
30/12/2020 06:41,1
30/12/2020 06:46,1
30/12/2020 06:51,1
30/12/2020 06:56,1
30/12/2020 07:02,-1
30/12/2020 07:07,1
30/12/2020 07:12,-1
30/12/2020 07:17,1
30/12/2020 07:22,1
30/12/2020 07:32,-1
30/12/2020 07:37,1
30/12/2020 07:42,1
30/12/2020 07:47,1
30/12/2020 07:52,1
30/12/2020 07:57,1
30/12/2020 08:02,1
30/12/2020 08:07,1
30/12/2020 08:12,1
30/12/2020 08:17,1
30/12/2020 08:22,1
30/12/2020 08:27,1
30/12/2020 08:32,1
30/12/2020 08:37,1
30/12/2020 08:42,1
30/12/2020 08:47,1
30/12/2020 08:52,1
30/12/2020 08:57,1
30/12/2020 09:02,1
30/12/2020 09:07,1
30/12/2020 09:12,-1
30/12/2020 09:18,1
30/12/2020 09:23,1
30/12/2020 09:28,1
30/12/2020 09:33,1
30/12/2020 09:38,1
30/12/2020 09:43,1
30/12/2020 09:48,1
30/12/2020 09:53,1
30/12/2020 09:58,1
30/12/2020 10:03,-1
30/12/2020 10:08,-1
30/12/2020 10:13,1
30/12/2020 10:18,1
30/12/2020 10:23,1
30/12/2020 10:28,1
30/12/2020 10:33,1
30/12/2020 10:38,1
30/12/2020 10:43,1
30/12/2020 10:48,1
30/12/2020 10:53,1
30/12/2020 10:58,1
30/12/2020 11:03,1
30/12/2020 11:09,1
30/12/2020 11:14,1
30/12/2020 11:19,1
30/12/2020 11:24,1
30/12/2020 11:29,1
30/12/2020 11:34,1
30/12/2020 11:39,1
30/12/2020 11:44,1
30/12/2020 11:49,1
30/12/2020 11:54,1
30/12/2020 11:59,1
30/12/2020 12:04,0
30/12/2020 12:09,1
30/12/2020 12:14,1
30/12/2020 12:19,1
30/12/2020 12:24,-1
30/12/2020 12:29,1
30/12/2020 12:34,1
30/12/2020 12:39,1
30/12/2020 12:44,1
30/12/2020 12:49,-1
30/12/2020 12:54,-1
30/12/2020 13:00,1
30/12/2020 13:05,1
30/12/2020 13:10,1
30/12/2020 13:15,1
30/12/2020 13:20,1
30/12/2020 13:25,1
30/12/2020 13:30,1
30/12/2020 13:35,0
30/12/2020 13:40,1
30/12/2020 13:45,1
30/12/2020 13:50,1
30/12/2020 13:55,1
30/12/2020 14:00,0
30/12/2020 14:05,1
30/12/2020 14:10,1
30/12/2020 14:15,1
30/12/2020 14:21,-1
30/12/2020 14:26,1
30/12/2020 14:31,1
30/12/2020 14:36,1
30/12/2020 14:41,1
30/12/2020 14:46,1
30/12/2020 14:51,1
30/12/2020 14:56,1
30/12/2020 15:01,1
30/12/2020 15:06,1
30/12/2020 15:11,1
30/12/2020 15:17,1
30/12/2020 15:22,-1
30/12/2020 15:27,1
30/12/2020 15:32,1
30/12/2020 15:37,1
30/12/2020 15:42,1
30/12/2020 15:47,0
30/12/2020 15:52,0
30/12/2020 15:57,-1
30/12/2020 16:02,1
30/12/2020 16:07,1
30/12/2020 16:12,1
30/12/2020 16:17,1
30/12/2020 16:22,1
30/12/2020 16:27,1
30/12/2020 16:33,1
30/12/2020 16:38,1
30/12/2020 16:43,1
30/12/2020 16:48,1
30/12/2020 16:53,1
30/12/2020 16:58,1
30/12/2020 17:03,1
30/12/2020 17:08,1
30/12/2020 17:13,1
30/12/2020 17:18,1
30/12/2020 17:23,1
30/12/2020 17:28,1
30/12/2020 17:33,1
30/12/2020 17:39,1
30/12/2020 17:44,1
30/12/2020 17:49,1
30/12/2020 17:54,1
30/12/2020 17:59,1
30/12/2020 18:04,1
30/12/2020 18:09,1
30/12/2020 18:14,1
30/12/2020 18:19,1
30/12/2020 18:24,1
30/12/2020 18:29,1
30/12/2020 18:35,1
30/12/2020 18:40,1
30/12/2020 18:45,1
30/12/2020 18:50,1
30/12/2020 18:55,1
30/12/2020 19:00,1
30/12/2020 19:05,1
30/12/2020 19:10,1
30/12/2020 19:15,1
30/12/2020 19:21,1
30/12/2020 19:26,1
30/12/2020 19:31,1
30/12/2020 19:36,1
30/12/2020 19:41,1
30/12/2020 19:46,1
30/12/2020 19:51,1
30/12/2020 19:56,1
30/12/2020 20:01,1
30/12/2020 20:07,1
30/12/2020 20:12,1
30/12/2020 20:17,1
30/12/2020 20:22,1
30/12/2020 20:27,1
30/12/2020 20:32,1
30/12/2020 20:37,1
30/12/2020 20:42,1
30/12/2020 20:47,1
30/12/2020 20:52,-1
30/12/2020 20:58,1
30/12/2020 21:03,1
30/12/2020 21:08,1
30/12/2020 21:13,1
30/12/2020 21:18,1
30/12/2020 21:23,1
30/12/2020 21:28,1
30/12/2020 21:33,1
30/12/2020 21:38,1
30/12/2020 21:44,1
30/12/2020 21:49,1
30/12/2020 21:54,1
30/12/2020 21:59,1
30/12/2020 22:04,1
30/12/2020 22:09,1
30/12/2020 22:14,1
30/12/2020 22:19,1
30/12/2020 22:24,1
30/12/2020 22:29,1
30/12/2020 22:34,1
30/12/2020 22:40,1
30/12/2020 22:45,1
30/12/2020 22:50,-1
30/12/2020 22:55,1
30/12/2020 23:00,1
30/12/2020 23:05,1
30/12/2020 23:10,1
30/12/2020 23:15,1
30/12/2020 23:21,1
30/12/2020 23:26,1
30/12/2020 23:31,1
30/12/2020 23:36,1
30/12/2020 23:41,1
30/12/2020 23:46,1
30/12/2020 23:52,1
30/12/2020 23:57,1
31/12/2020 00:02,1
31/12/2020 00:07,1
31/12/2020 00:12,1
31/12/2020 00:17,1
31/12/2020 00:22,1
31/12/2020 00:28,-1
31/12/2020 00:33,1
31/12/2020 00:38,1
31/12/2020 00:43,-1
31/12/2020 00:48,1
31/12/2020 00:53,1
31/12/2020 00:58,1
31/12/2020 01:03,1
31/12/2020 01:09,1
31/12/2020 01:14,-1
31/12/2020 01:19,1
31/12/2020 01:24,0
31/12/2020 01:29,1
31/12/2020 01:34,1
31/12/2020 01:39,-1
31/12/2020 01:44,1
31/12/2020 01:49,1
31/12/2020 01:54,1
31/12/2020 01:59,1
31/12/2020 02:05,0
31/12/2020 02:10,1
31/12/2020 02:15,1
31/12/2020 02:20,-1
31/12/2020 02:25,1
31/12/2020 02:30,1
31/12/2020 02:35,0
31/12/2020 02:40,-1
31/12/2020 02:45,1
31/12/2020 02:50,1
31/12/2020 02:55,-1
31/12/2020 03:01,1
31/12/2020 03:06,-1
31/12/2020 03:11,1
31/12/2020 03:16,1
31/12/2020 03:21,-1
31/12/2020 03:26,0
31/12/2020 03:31,-1
31/12/2020 03:36,1
31/12/2020 03:41,-1
31/12/2020 03:46,-1
31/12/2020 03:51,-1
31/12/2020 03:56,1
31/12/2020 04:02,-1
31/12/2020 04:07,-1
31/12/2020 04:12,-1
31/12/2020 04:17,1
31/12/2020 04:22,1
31/12/2020 04:27,-1
31/12/2020 04:32,-1
31/12/2020 04:37,1
31/12/2020 04:42,-1
31/12/2020 04:47,-1
31/12/2020 04:52,-1
31/12/2020 04:58,1
31/12/2020 05:03,-1
31/12/2020 05:08,-1
31/12/2020 05:13,-1
31/12/2020 05:18,-1
31/12/2020 05:23,1
31/12/2020 05:28,0
31/12/2020 05:33,0
31/12/2020 05:38,-1
31/12/2020 05:43,-1
31/12/2020 05:48,0
31/12/2020 05:53,-1
31/12/2020 05:58,-1
31/12/2020 06:03,-1
31/12/2020 06:08,-1
31/12/2020 06:13,1
31/12/2020 06:19,1
31/12/2020 06:24,-1
31/12/2020 06:29,-1
31/12/2020 06:34,1
31/12/2020 06:39,1
31/12/2020 06:44,-1
31/12/2020 06:49,-1
31/12/2020 06:54,-1
31/12/2020 06:59,1
31/12/2020 07:04,-1
31/12/2020 07:09,-1
31/12/2020 07:14,-1
31/12/2020 07:19,1
31/12/2020 07:24,1
31/12/2020 07:29,1
31/12/2020 07:34,1
31/12/2020 07:40,1
31/12/2020 07:45,1
31/12/2020 07:50,1
31/12/2020 07:55,1
31/12/2020 08:00,1
31/12/2020 08:05,1
31/12/2020 08:10,0
31/12/2020 08:15,-1
31/12/2020 08:20,1
31/12/2020 08:25,1
31/12/2020 08:30,-1
31/12/2020 08:35,1
31/12/2020 08:40,1
31/12/2020 08:45,1
31/12/2020 08:50,1
31/12/2020 08:56,1
31/12/2020 09:01,1
31/12/2020 09:06,1
31/12/2020 09:11,-1
31/12/2020 09:16,1
31/12/2020 09:21,0
31/12/2020 09:26,-1
31/12/2020 09:31,1
31/12/2020 09:37,0
31/12/2020 09:42,1
31/12/2020 09:47,1
31/12/2020 09:52,1
31/12/2020 09:57,1
31/12/2020 10:02,0
31/12/2020 10:07,1
31/12/2020 10:12,1
31/12/2020 10:17,1
31/12/2020 10:23,1
31/12/2020 10:28,1
31/12/2020 10:33,1
31/12/2020 10:38,-1
31/12/2020 10:43,-1
31/12/2020 10:48,1
31/12/2020 10:53,1
31/12/2020 10:58,1
31/12/2020 11:03,1
31/12/2020 11:08,1
31/12/2020 11:13,1
31/12/2020 11:18,1
31/12/2020 11:24,1
31/12/2020 11:29,1
31/12/2020 11:34,1
31/12/2020 11:39,1
31/12/2020 11:44,1
31/12/2020 11:49,1
31/12/2020 11:54,1
31/12/2020 11:59,1
31/12/2020 12:04,1
31/12/2020 12:09,1
31/12/2020 12:14,1
31/12/2020 12:19,1
31/12/2020 12:24,1
31/12/2020 12:30,1
31/12/2020 12:35,1
31/12/2020 12:40,1
31/12/2020 12:45,1
31/12/2020 12:50,1
31/12/2020 12:55,1
31/12/2020 13:00,1
31/12/2020 13:05,1
31/12/2020 13:10,1
31/12/2020 13:15,1
31/12/2020 13:20,1
31/12/2020 13:26,1
31/12/2020 13:31,1
31/12/2020 13:36,1
31/12/2020 13:41,1
31/12/2020 13:46,1
31/12/2020 13:51,1
31/12/2020 13:56,1
31/12/2020 14:01,1
31/12/2020 14:06,-1
31/12/2020 14:11,1
31/12/2020 14:16,1
31/12/2020 14:22,1
31/12/2020 14:27,1
31/12/2020 14:32,1
31/12/2020 14:37,1
31/12/2020 14:42,1
31/12/2020 14:47,1
31/12/2020 14:52,1
31/12/2020 14:57,1
31/12/2020 15:02,1
31/12/2020 15:07,1
31/12/2020 15:13,1
31/12/2020 15:18,1
31/12/2020 15:23,1
31/12/2020 15:28,-1
31/12/2020 15:33,1
31/12/2020 15:38,1
31/12/2020 15:43,1
31/12/2020 15:48,1
31/12/2020 15:53,1
31/12/2020 15:58,1
31/12/2020 16:03,1
31/12/2020 16:09,1
31/12/2020 16:14,1
31/12/2020 16:19,1
31/12/2020 16:24,1
31/12/2020 16:29,1
31/12/2020 16:34,1
31/12/2020 16:39,1
31/12/2020 16:44,-1
31/12/2020 16:49,1
31/12/2020 16:54,1
31/12/2020 16:59,1
31/12/2020 17:05,1
31/12/2020 17:10,1
31/12/2020 17:15,1
31/12/2020 17:20,1
31/12/2020 17:25,-1
31/12/2020 17:30,1
31/12/2020 17:35,1
31/12/2020 17:40,1
31/12/2020 17:45,1
31/12/2020 17:50,1
31/12/2020 17:55,1
31/12/2020 18:00,1
31/12/2020 18:06,1
31/12/2020 18:11,0
31/12/2020 18:16,1
31/12/2020 18:21,1
31/12/2020 18:26,1
31/12/2020 18:31,1
31/12/2020 18:36,1
31/12/2020 18:41,1
31/12/2020 18:46,1
31/12/2020 18:51,1
31/12/2020 18:57,1
31/12/2020 19:02,1
31/12/2020 19:07,1
31/12/2020 19:12,1
31/12/2020 19:17,1
31/12/2020 19:22,1
31/12/2020 19:27,1
31/12/2020 19:32,1
31/12/2020 19:37,1
31/12/2020 19:42,1
31/12/2020 19:47,1
31/12/2020 19:52,1
31/12/2020 19:58,0
31/12/2020 20:03,1
31/12/2020 20:08,0
31/12/2020 20:13,1
31/12/2020 20:18,1
31/12/2020 20:23,1
31/12/2020 20:28,1
31/12/2020 20:33,1
31/12/2020 20:38,1
31/12/2020 20:43,1
31/12/2020 20:48,1
31/12/2020 20:53,-1
31/12/2020 20:58,1
31/12/2020 21:04,-1
31/12/2020 21:09,1
31/12/2020 21:14,1
31/12/2020 21:19,1
31/12/2020 21:24,1
31/12/2020 21:29,1
31/12/2020 21:34,1
31/12/2020 21:39,1
31/12/2020 21:44,1
31/12/2020 21:49,1
31/12/2020 21:54,1
31/12/2020 21:59,1
31/12/2020 22:04,1
31/12/2020 22:10,1
31/12/2020 22:15,1
31/12/2020 22:20,-1
31/12/2020 22:25,1
31/12/2020 22:30,1
31/12/2020 22:35,1
31/12/2020 22:40,1
31/12/2020 22:45,1
31/12/2020 22:50,1
31/12/2020 22:55,1
31/12/2020 23:00,1
31/12/2020 23:05,1
31/12/2020 23:10,1
31/12/2020 23:15,-1
31/12/2020 23:21,1
31/12/2020 23:26,1
31/12/2020 23:31,1
31/12/2020 23:36,1
31/12/2020 23:41,1
31/12/2020 23:46,1
31/12/2020 23:51,1
31/12/2020 23:56,1
01/01/2021 00:01,0
01/01/2021 00:06,1
01/01/2021 00:11,1
01/01/2021 00:16,1
01/01/2021 00:21,1
01/01/2021 00:27,1
01/01/2021 00:32,1
01/01/2021 00:42,1
01/01/2021 00:47,1
01/01/2021 00:52,1
01/01/2021 00:57,1
01/01/2021 01:02,1
01/01/2021 01:07,1
01/01/2021 01:12,1
01/01/2021 01:17,1
01/01/2021 01:22,1
01/01/2021 01:27,1
01/01/2021 01:32,1
01/01/2021 01:37,1
01/01/2021 01:42,1
01/01/2021 01:48,1
01/01/2021 01:53,1
01/01/2021 01:58,1
01/01/2021 02:03,0
01/01/2021 02:08,1
01/01/2021 02:13,1
01/01/2021 02:18,1
01/01/2021 02:23,1
01/01/2021 02:28,1
01/01/2021 02:33,1
01/01/2021 02:38,1
01/01/2021 02:43,1
01/01/2021 02:48,1
01/01/2021 02:53,-1
01/01/2021 02:58,1
01/01/2021 03:03,-1
01/01/2021 03:08,1
01/01/2021 03:13,-1
01/01/2021 03:18,1
01/01/2021 03:23,1
01/01/2021 03:28,1
01/01/2021 03:34,1
01/01/2021 03:39,-1
01/01/2021 03:44,1
01/01/2021 03:49,-1
01/01/2021 03:54,1
01/01/2021 03:59,1
01/01/2021 04:04,1
01/01/2021 04:09,-1
01/01/2021 04:14,-1
01/01/2021 04:19,1
01/01/2021 04:24,1
01/01/2021 04:29,1
01/01/2021 04:34,0
01/01/2021 04:39,-1
01/01/2021 04:44,-1
01/01/2021 04:49,1
01/01/2021 04:54,1
01/01/2021 04:59,1
01/01/2021 05:04,1
01/01/2021 05:09,1
01/01/2021 05:14,1
01/01/2021 05:19,1
01/01/2021 05:24,1
01/01/2021 05:29,1
01/01/2021 05:34,1
01/01/2021 05:40,1
01/01/2021 05:45,1
01/01/2021 05:50,-1
01/01/2021 05:55,0
01/01/2021 06:00,1
01/01/2021 06:05,0
01/01/2021 06:10,1
01/01/2021 06:15,1
01/01/2021 06:20,1
01/01/2021 06:25,1
01/01/2021 06:30,1
01/01/2021 06:35,-1
01/01/2021 06:40,-1
01/01/2021 06:45,-1
01/01/2021 06:50,1
01/01/2021 06:55,1
01/01/2021 07:00,1
01/01/2021 07:05,1
01/01/2021 07:10,1
01/01/2021 07:15,-1
01/01/2021 07:20,1
01/01/2021 07:25,-1
01/01/2021 07:30,-1
01/01/2021 07:35,1
01/01/2021 07:40,-1
01/01/2021 07:45,0
01/01/2021 07:51,1
01/01/2021 07:56,1
01/01/2021 08:01,1
01/01/2021 08:06,1
01/01/2021 08:11,1
01/01/2021 08:16,1
01/01/2021 08:21,1
01/01/2021 08:26,1
01/01/2021 08:31,-1
01/01/2021 08:36,1
01/01/2021 08:41,1
01/01/2021 08:46,1
01/01/2021 08:51,1
01/01/2021 08:56,1
01/01/2021 09:01,1
01/01/2021 09:06,1
01/01/2021 09:11,1
01/01/2021 09:16,0
01/01/2021 09:21,1
01/01/2021 09:26,1
01/01/2021 09:31,1
01/01/2021 09:36,1
01/01/2021 09:41,1
01/01/2021 09:46,1
01/01/2021 09:51,1
01/01/2021 09:57,1
01/01/2021 10:02,1
01/01/2021 10:07,1
01/01/2021 10:12,1
01/01/2021 10:17,1
01/01/2021 10:22,1
01/01/2021 10:27,1
01/01/2021 10:32,1
01/01/2021 10:37,1
01/01/2021 10:42,1
01/01/2021 10:47,1
01/01/2021 10:52,1
01/01/2021 10:57,1
01/01/2021 11:02,1
01/01/2021 11:07,1
01/01/2021 11:12,1
01/01/2021 11:17,1
01/01/2021 11:22,1
01/01/2021 11:27,1
01/01/2021 11:32,1
01/01/2021 11:37,1
01/01/2021 11:43,1
01/01/2021 11:48,1
01/01/2021 11:53,1
01/01/2021 11:58,1
01/01/2021 12:03,0
01/01/2021 12:08,1
01/01/2021 12:13,1
01/01/2021 12:18,1
01/01/2021 12:23,1
01/01/2021 12:28,0
01/01/2021 12:33,1
01/01/2021 12:38,1
01/01/2021 12:43,1
01/01/2021 12:48,1
01/01/2021 12:53,1
01/01/2021 12:58,1
01/01/2021 13:03,1
01/01/2021 13:08,1
01/01/2021 13:14,1
01/01/2021 13:19,1
01/01/2021 13:24,1
01/01/2021 13:29,1
01/01/2021 13:34,1
01/01/2021 13:39,1
01/01/2021 13:44,1
01/01/2021 13:49,1
01/01/2021 13:54,1
01/01/2021 13:59,1
01/01/2021 14:04,1
01/01/2021 14:09,1
01/01/2021 14:14,1
01/01/2021 14:19,1
01/01/2021 14:24,1
01/01/2021 14:29,1
01/01/2021 14:34,1
01/01/2021 14:39,1
01/01/2021 14:45,1
01/01/2021 14:50,1
01/01/2021 14:55,1
01/01/2021 15:00,1
01/01/2021 15:05,1
01/01/2021 15:10,1
01/01/2021 15:15,1
01/01/2021 15:20,1
01/01/2021 15:25,1
01/01/2021 15:30,1
01/01/2021 15:35,1
01/01/2021 15:40,1
01/01/2021 15:45,1
01/01/2021 15:50,0
01/01/2021 15:55,1
01/01/2021 16:00,1
01/01/2021 16:05,1
01/01/2021 16:10,1
01/01/2021 16:16,1
01/01/2021 16:21,1
01/01/2021 16:26,1
01/01/2021 16:31,-1
01/01/2021 16:36,1
01/01/2021 16:41,1
01/01/2021 16:46,1
01/01/2021 16:51,1
01/01/2021 16:56,0
01/01/2021 17:01,1
01/01/2021 17:06,1
01/01/2021 17:11,1
01/01/2021 17:16,1
01/01/2021 17:22,1
01/01/2021 17:27,1
01/01/2021 17:32,1
01/01/2021 17:37,1
01/01/2021 17:42,-1
01/01/2021 17:47,1
01/01/2021 17:52,1
01/01/2021 17:57,1
01/01/2021 18:03,1
01/01/2021 18:08,0
01/01/2021 18:13,-1
01/01/2021 18:18,1
01/01/2021 18:23,1
01/01/2021 18:28,1
01/01/2021 18:33,1
01/01/2021 18:38,1
01/01/2021 18:43,1
01/01/2021 18:48,-1
01/01/2021 18:53,1
01/01/2021 18:59,1
01/01/2021 19:04,1
01/01/2021 19:09,1
01/01/2021 19:14,1
01/01/2021 19:19,1
01/01/2021 19:24,1
01/01/2021 19:29,1
01/01/2021 19:34,1
01/01/2021 19:39,1
01/01/2021 19:44,1
01/01/2021 19:49,1
01/01/2021 19:54,1
01/01/2021 19:59,1
01/01/2021 20:04,1
01/01/2021 20:09,1
01/01/2021 20:15,1
01/01/2021 20:20,1
01/01/2021 20:25,1
01/01/2021 20:30,1
01/01/2021 20:35,1
01/01/2021 20:40,1
01/01/2021 20:45,1
01/01/2021 20:50,1
01/01/2021 20:55,1
01/01/2021 21:00,1
01/01/2021 21:05,1
01/01/2021 21:10,1
01/01/2021 21:16,1
01/01/2021 21:21,-1
01/01/2021 21:26,1
01/01/2021 21:31,1
01/01/2021 21:36,-1
01/01/2021 21:41,1
01/01/2021 21:46,1
01/01/2021 21:51,-1
01/01/2021 21:56,-1
01/01/2021 22:01,1
01/01/2021 22:12,1
01/01/2021 22:17,1
01/01/2021 22:22,1
01/01/2021 22:27,-1
01/01/2021 22:32,1
01/01/2021 22:37,-1
01/01/2021 22:42,1
01/01/2021 22:47,-1
01/01/2021 22:52,1
01/01/2021 22:57,-1
01/01/2021 23:02,1
01/01/2021 23:07,1
01/01/2021 23:12,1
01/01/2021 23:18,1
01/01/2021 23:23,1
01/01/2021 23:28,1
01/01/2021 23:33,1
01/01/2021 23:38,1
01/01/2021 23:43,-1
01/01/2021 23:48,1
01/01/2021 23:53,1
01/01/2021 23:58,1
02/01/2021 00:03,1
02/01/2021 00:08,-1
02/01/2021 00:13,-1
02/01/2021 00:18,1
02/01/2021 00:23,1
02/01/2021 00:28,1
02/01/2021 00:33,1
02/01/2021 00:39,-1
02/01/2021 00:44,-1
02/01/2021 00:49,1
02/01/2021 00:54,1
02/01/2021 00:59,1
02/01/2021 01:04,1
02/01/2021 01:09,1
02/01/2021 01:14,1
02/01/2021 01:19,1
02/01/2021 01:24,1
02/01/2021 01:29,-1
02/01/2021 01:34,1
02/01/2021 01:39,-1
02/01/2021 01:44,1
02/01/2021 01:49,1
02/01/2021 01:54,1
02/01/2021 01:59,1
02/01/2021 02:05,-1
02/01/2021 02:10,-1
02/01/2021 02:15,1
02/01/2021 02:20,1
02/01/2021 02:25,-1
02/01/2021 02:30,1
02/01/2021 02:35,1
02/01/2021 02:40,1
02/01/2021 02:45,-1
02/01/2021 02:50,-1
02/01/2021 02:55,-1
02/01/2021 03:00,-1
02/01/2021 03:05,-1
02/01/2021 03:10,1
02/01/2021 03:15,-1
02/01/2021 03:20,-1
02/01/2021 03:25,-1
02/01/2021 03:30,-1
02/01/2021 03:35,1
02/01/2021 03:40,-1
02/01/2021 03:45,-1
02/01/2021 03:50,-1
02/01/2021 03:55,1
02/01/2021 04:00,-1
02/01/2021 04:05,1
02/01/2021 04:10,1
02/01/2021 04:16,1
02/01/2021 04:21,1
02/01/2021 04:26,-1
02/01/2021 04:31,-1
02/01/2021 04:36,1
02/01/2021 04:41,1
02/01/2021 04:46,1
02/01/2021 04:51,1
02/01/2021 04:56,1
02/01/2021 05:01,-1
02/01/2021 05:06,1
02/01/2021 05:11,1
02/01/2021 05:16,-1
02/01/2021 05:21,1
02/01/2021 05:26,0
02/01/2021 05:31,1
02/01/2021 05:36,1
02/01/2021 05:41,1
02/01/2021 05:46,1
02/01/2021 05:51,1
02/01/2021 05:56,1
02/01/2021 06:01,1
02/01/2021 06:06,-1
02/01/2021 06:11,1
02/01/2021 06:16,1
02/01/2021 06:21,-1
02/01/2021 06:26,-1
02/01/2021 06:31,1
02/01/2021 06:37,0
02/01/2021 06:42,-1
02/01/2021 06:47,1
02/01/2021 06:52,1
02/01/2021 06:57,1
02/01/2021 07:02,1
02/01/2021 07:07,1
02/01/2021 07:12,-1
02/01/2021 07:17,1
02/01/2021 07:22,1
02/01/2021 07:27,1
02/01/2021 07:32,1
02/01/2021 07:37,1
02/01/2021 07:42,-1
02/01/2021 07:47,1
02/01/2021 07:52,1
02/01/2021 07:57,1
02/01/2021 08:02,0
02/01/2021 08:07,-1
02/01/2021 08:12,1
02/01/2021 08:17,-1
02/01/2021 08:22,1
02/01/2021 08:27,1
02/01/2021 08:32,1
02/01/2021 08:37,1
02/01/2021 08:42,1
02/01/2021 08:47,1
02/01/2021 08:52,-1
02/01/2021 08:57,1
02/01/2021 09:03,-1
02/01/2021 09:08,1
02/01/2021 09:13,1
02/01/2021 09:18,-1
02/01/2021 09:23,1
02/01/2021 09:28,1
02/01/2021 09:33,1
02/01/2021 09:38,-1
02/01/2021 09:43,1
02/01/2021 09:48,1
02/01/2021 09:53,1
02/01/2021 09:58,1
02/01/2021 10:03,1
02/01/2021 10:08,1
02/01/2021 10:13,1
02/01/2021 10:18,1
02/01/2021 10:23,1
02/01/2021 10:28,1
02/01/2021 10:33,1
02/01/2021 10:38,0
02/01/2021 10:43,1
02/01/2021 10:48,1
02/01/2021 10:54,1
02/01/2021 10:59,1
02/01/2021 11:04,1
02/01/2021 11:09,-1
02/01/2021 11:14,1
02/01/2021 11:19,1
02/01/2021 11:24,1
02/01/2021 11:29,1
02/01/2021 11:34,1
02/01/2021 11:39,1
02/01/2021 11:44,1
02/01/2021 11:49,1
02/01/2021 11:54,1
02/01/2021 11:59,1
02/01/2021 12:04,1
02/01/2021 12:09,1
02/01/2021 12:14,1
02/01/2021 12:19,1
02/01/2021 12:24,1
02/01/2021 12:30,1
02/01/2021 12:35,1
02/01/2021 12:40,1
02/01/2021 12:45,1
02/01/2021 12:50,-1
02/01/2021 12:55,1
02/01/2021 13:00,1
02/01/2021 13:05,1
02/01/2021 13:10,1
02/01/2021 13:15,1
02/01/2021 13:20,-1
02/01/2021 13:25,1
02/01/2021 13:31,1
02/01/2021 13:36,0
02/01/2021 13:41,1
02/01/2021 13:46,1
02/01/2021 13:51,1
02/01/2021 13:56,1
02/01/2021 14:01,1
02/01/2021 14:06,1
02/01/2021 14:11,-1
02/01/2021 14:16,1
02/01/2021 14:21,1
02/01/2021 14:27,1
02/01/2021 14:32,1
02/01/2021 14:37,1
02/01/2021 14:42,-1
02/01/2021 14:47,-1
02/01/2021 14:52,-1
02/01/2021 14:57,1
02/01/2021 15:02,1
02/01/2021 15:07,1
02/01/2021 15:12,1
02/01/2021 15:17,1
02/01/2021 15:22,-1
02/01/2021 15:27,1
02/01/2021 15:32,1
02/01/2021 15:37,1
02/01/2021 15:42,1
02/01/2021 15:48,1
02/01/2021 15:53,1
02/01/2021 15:58,1
02/01/2021 16:03,1
02/01/2021 16:08,1
02/01/2021 16:13,1
02/01/2021 16:18,1
02/01/2021 16:23,1
02/01/2021 16:28,1
02/01/2021 16:33,1
02/01/2021 16:38,1
02/01/2021 16:43,1
02/01/2021 16:48,1
02/01/2021 16:53,1
02/01/2021 16:58,1
02/01/2021 17:04,1
02/01/2021 17:09,0
02/01/2021 17:14,1
02/01/2021 17:19,1
02/01/2021 17:24,1
02/01/2021 17:29,-1
02/01/2021 17:34,1
02/01/2021 17:39,1
02/01/2021 17:44,1
02/01/2021 17:49,1
02/01/2021 17:54,1
02/01/2021 17:59,1
02/01/2021 18:04,1
02/01/2021 18:09,1
02/01/2021 18:14,1
02/01/2021 18:19,1
02/01/2021 18:25,1
02/01/2021 18:30,-1
02/01/2021 18:35,1
02/01/2021 18:40,1
02/01/2021 18:45,1
02/01/2021 18:50,1
02/01/2021 18:55,1
02/01/2021 19:00,1
02/01/2021 19:05,1
02/01/2021 19:10,1
02/01/2021 19:15,1
02/01/2021 19:20,-1
02/01/2021 19:25,1
02/01/2021 19:30,1
02/01/2021 19:36,1
02/01/2021 19:41,1
02/01/2021 19:46,1
02/01/2021 19:51,1
02/01/2021 19:56,-1
02/01/2021 20:01,1
02/01/2021 20:06,-1
02/01/2021 20:11,1
02/01/2021 20:16,1
02/01/2021 20:21,1
02/01/2021 20:26,-1
02/01/2021 20:31,1
02/01/2021 20:37,1
02/01/2021 20:42,1
02/01/2021 20:47,1
02/01/2021 20:52,1
02/01/2021 20:57,1
02/01/2021 21:02,1
02/01/2021 21:07,1
02/01/2021 21:12,1
02/01/2021 21:17,1
02/01/2021 21:22,1
02/01/2021 21:27,1
02/01/2021 21:32,1
02/01/2021 21:38,-1
02/01/2021 21:43,1
02/01/2021 21:48,1
02/01/2021 21:53,-1
02/01/2021 21:58,1
02/01/2021 22:03,1
02/01/2021 22:08,1
02/01/2021 22:13,-1
02/01/2021 22:18,1
02/01/2021 22:23,1
02/01/2021 22:28,1
02/01/2021 22:33,1
02/01/2021 22:38,-1
02/01/2021 22:43,1
02/01/2021 22:48,1
02/01/2021 22:53,1
02/01/2021 22:59,-1
02/01/2021 23:04,1
02/01/2021 23:09,-1
02/01/2021 23:14,1
02/01/2021 23:19,1
02/01/2021 23:24,1
02/01/2021 23:29,-1
02/01/2021 23:34,-1
02/01/2021 23:39,1
02/01/2021 23:44,-1
02/01/2021 23:49,1
02/01/2021 23:54,1
02/01/2021 23:59,1
03/01/2021 00:05,1
03/01/2021 00:10,0
03/01/2021 00:15,1
03/01/2021 00:20,1
03/01/2021 00:25,1
03/01/2021 00:30,-1
03/01/2021 00:35,1
03/01/2021 00:40,1
03/01/2021 00:45,1
03/01/2021 00:50,-1
03/01/2021 00:55,1
03/01/2021 01:00,1
03/01/2021 01:05,1
03/01/2021 01:10,1
03/01/2021 01:15,-1
03/01/2021 01:20,1
03/01/2021 01:26,1
03/01/2021 01:31,1
03/01/2021 01:36,-1
03/01/2021 01:41,-1
03/01/2021 01:46,1
03/01/2021 01:51,-1
03/01/2021 01:56,1
03/01/2021 02:01,-1
03/01/2021 02:06,1
03/01/2021 02:11,1
03/01/2021 02:16,-1
03/01/2021 02:21,-1
03/01/2021 02:26,1
03/01/2021 02:31,1
03/01/2021 02:36,1
03/01/2021 02:41,-1
03/01/2021 02:46,-1
03/01/2021 02:51,1
03/01/2021 02:56,1
03/01/2021 03:01,-1
03/01/2021 03:06,-1
03/01/2021 03:11,1
03/01/2021 03:16,0
03/01/2021 03:21,-1
03/01/2021 03:27,-1
03/01/2021 03:32,1
03/01/2021 03:37,1
03/01/2021 03:42,1
03/01/2021 03:47,-1
03/01/2021 03:52,1
03/01/2021 03:57,-1
03/01/2021 04:02,-1
03/01/2021 04:07,1
03/01/2021 04:12,1
03/01/2021 04:17,1
03/01/2021 04:22,1
03/01/2021 04:27,1
03/01/2021 04:32,1
03/01/2021 04:37,-1
03/01/2021 04:42,1
03/01/2021 04:47,-1
03/01/2021 04:52,1
03/01/2021 04:57,1
03/01/2021 05:02,1
03/01/2021 05:07,-1
03/01/2021 05:12,-1
03/01/2021 05:17,-1
03/01/2021 05:22,-1
03/01/2021 05:27,-1
03/01/2021 05:32,-1
03/01/2021 05:37,-1
03/01/2021 05:43,-1
03/01/2021 05:48,-1
03/01/2021 05:53,-1
03/01/2021 05:58,-1
03/01/2021 06:03,1
03/01/2021 06:08,-1
03/01/2021 06:13,-1
03/01/2021 06:18,-1
03/01/2021 06:23,-1
03/01/2021 06:28,1
03/01/2021 06:33,-1
03/01/2021 06:38,-1
03/01/2021 06:43,-1
03/01/2021 06:48,-1
03/01/2021 06:53,0
03/01/2021 06:58,-1
03/01/2021 07:03,1
03/01/2021 07:08,-1
03/01/2021 07:13,-1
03/01/2021 07:18,-1
03/01/2021 07:28,-1
03/01/2021 07:33,-1
03/01/2021 07:38,-1
03/01/2021 07:43,0
03/01/2021 07:48,1
03/01/2021 07:53,-1
03/01/2021 07:58,-1
03/01/2021 08:03,1
03/01/2021 08:09,1
03/01/2021 08:14,-1
03/01/2021 08:19,1
03/01/2021 08:24,-1
03/01/2021 08:29,1
03/01/2021 08:34,1
03/01/2021 08:39,0
03/01/2021 08:44,0
03/01/2021 08:49,0
03/01/2021 08:54,-1
03/01/2021 08:59,-1
03/01/2021 09:04,1
03/01/2021 09:09,-1
03/01/2021 09:14,1
03/01/2021 09:19,-1
03/01/2021 09:24,1
03/01/2021 09:29,1
03/01/2021 09:34,0
03/01/2021 09:39,1
03/01/2021 09:44,1
03/01/2021 09:49,-1
03/01/2021 09:54,1
03/01/2021 09:59,-1
03/01/2021 10:04,0
03/01/2021 10:10,0
03/01/2021 10:15,-1
03/01/2021 10:20,-1
03/01/2021 10:25,1
03/01/2021 10:30,1
03/01/2021 10:35,1
03/01/2021 10:40,1
03/01/2021 10:45,1
03/01/2021 10:50,1
03/01/2021 11:00,1
03/01/2021 11:05,1
03/01/2021 11:10,1
03/01/2021 11:15,1
03/01/2021 11:20,1
03/01/2021 11:25,1
03/01/2021 11:30,-1
03/01/2021 11:35,1
03/01/2021 11:40,1
03/01/2021 11:45,1
03/01/2021 11:50,1
03/01/2021 11:55,1
03/01/2021 12:01,1
03/01/2021 12:06,1
03/01/2021 12:11,1
03/01/2021 12:16,1
03/01/2021 12:21,1
03/01/2021 12:26,1
03/01/2021 12:31,-1
03/01/2021 12:36,1
03/01/2021 12:41,-1
03/01/2021 12:46,1
03/01/2021 12:51,-1
03/01/2021 12:56,1
03/01/2021 13:01,1
03/01/2021 13:06,1
03/01/2021 13:11,0
03/01/2021 13:16,1
03/01/2021 13:21,1
03/01/2021 13:26,1
03/01/2021 13:31,1
03/01/2021 13:36,1
03/01/2021 13:42,1
03/01/2021 13:47,-1
03/01/2021 13:52,1
03/01/2021 13:57,1
03/01/2021 14:02,1
03/01/2021 14:07,1
03/01/2021 14:12,-1
03/01/2021 14:17,1
03/01/2021 14:22,1
03/01/2021 14:27,-1
03/01/2021 14:32,0
03/01/2021 14:37,-1
03/01/2021 14:43,1
03/01/2021 14:48,0
03/01/2021 14:53,1
03/01/2021 14:58,1
03/01/2021 15:03,1
03/01/2021 15:08,1
03/01/2021 15:13,1
03/01/2021 15:18,1
03/01/2021 15:23,1
03/01/2021 15:28,1
03/01/2021 15:33,1
03/01/2021 15:38,-1
03/01/2021 15:43,1
03/01/2021 15:49,1
03/01/2021 15:54,1
03/01/2021 15:59,1
03/01/2021 16:04,1
03/01/2021 16:09,1
03/01/2021 16:14,1
03/01/2021 16:19,1
03/01/2021 16:24,1
03/01/2021 16:29,1
03/01/2021 16:34,1
03/01/2021 16:39,1
03/01/2021 16:44,1
03/01/2021 16:49,1
03/01/2021 16:54,1
03/01/2021 16:59,1
03/01/2021 17:04,1
03/01/2021 17:10,1
03/01/2021 17:15,1
03/01/2021 17:20,1
03/01/2021 17:25,1
03/01/2021 17:30,1
03/01/2021 17:35,1
03/01/2021 17:40,1
03/01/2021 17:45,1
03/01/2021 17:50,1
03/01/2021 17:55,1
03/01/2021 18:00,1
03/01/2021 18:06,1
03/01/2021 18:11,1
03/01/2021 18:16,1
03/01/2021 18:21,1
03/01/2021 18:26,1
03/01/2021 18:31,1
03/01/2021 18:36,1
03/01/2021 18:41,1
03/01/2021 18:46,1
03/01/2021 18:51,1
03/01/2021 18:57,1
03/01/2021 19:02,0
03/01/2021 19:07,1
03/01/2021 19:12,1
03/01/2021 19:17,1
03/01/2021 19:22,1
03/01/2021 19:27,1
03/01/2021 19:32,1
03/01/2021 19:37,1
03/01/2021 19:42,1
03/01/2021 19:48,1
03/01/2021 19:53,1
03/01/2021 19:58,1
03/01/2021 20:03,1
03/01/2021 20:08,1
03/01/2021 20:13,1
03/01/2021 20:18,-1
03/01/2021 20:23,1
03/01/2021 20:28,1
03/01/2021 20:33,1
03/01/2021 20:38,1
03/01/2021 20:43,1
03/01/2021 20:48,1
03/01/2021 20:53,1
03/01/2021 20:59,1
03/01/2021 21:04,1
03/01/2021 21:09,1
03/01/2021 21:14,1
03/01/2021 21:19,0
03/01/2021 21:24,1
03/01/2021 21:29,1
03/01/2021 21:34,1
03/01/2021 21:39,1
03/01/2021 21:44,1
03/01/2021 21:49,-1
03/01/2021 21:54,1
03/01/2021 21:59,-1
03/01/2021 22:05,1
03/01/2021 22:10,1
03/01/2021 22:15,-1
03/01/2021 22:20,-1
03/01/2021 22:25,1
03/01/2021 22:30,1
03/01/2021 22:35,1
03/01/2021 22:40,1
03/01/2021 22:45,1
03/01/2021 22:50,1
03/01/2021 22:56,1
03/01/2021 23:01,1
03/01/2021 23:06,1
03/01/2021 23:11,1
03/01/2021 23:16,1
03/01/2021 23:21,1
03/01/2021 23:26,1
03/01/2021 23:31,1
03/01/2021 23:36,1
03/01/2021 23:41,1
03/01/2021 23:46,1
03/01/2021 23:51,-1
03/01/2021 23:57,1
04/01/2021 00:02,1
04/01/2021 00:07,1
04/01/2021 00:12,1
04/01/2021 00:17,1
04/01/2021 00:22,-1
04/01/2021 00:27,1
04/01/2021 00:32,1
04/01/2021 00:37,-1
04/01/2021 00:42,1
04/01/2021 00:47,-1
04/01/2021 00:52,1
04/01/2021 00:57,0
04/01/2021 01:02,1
04/01/2021 01:07,1
04/01/2021 01:12,1
04/01/2021 01:17,1
04/01/2021 01:22,1
04/01/2021 01:27,1
04/01/2021 01:32,1
04/01/2021 01:37,1
04/01/2021 01:43,1
04/01/2021 01:48,1
04/01/2021 01:53,1
04/01/2021 01:58,1
04/01/2021 02:03,1
04/01/2021 02:08,1
04/01/2021 02:13,1
04/01/2021 02:18,1
04/01/2021 02:23,-1
04/01/2021 02:28,-1
04/01/2021 02:33,1
04/01/2021 02:38,1
04/01/2021 02:43,1
04/01/2021 02:48,1
04/01/2021 02:53,1
04/01/2021 02:58,-1
04/01/2021 03:03,-1
04/01/2021 03:08,-1
04/01/2021 03:13,-1
04/01/2021 03:18,0
04/01/2021 03:23,-1
04/01/2021 03:28,-1
04/01/2021 03:33,-1
04/01/2021 03:38,-1
04/01/2021 03:43,1
04/01/2021 03:48,1
04/01/2021 03:53,-1
04/01/2021 03:58,-1
04/01/2021 04:04,1
04/01/2021 04:09,1
04/01/2021 04:14,-1
04/01/2021 04:19,-1
04/01/2021 04:24,-1
04/01/2021 04:29,-1
04/01/2021 04:34,-1
04/01/2021 04:39,-1
04/01/2021 04:44,0
04/01/2021 04:49,1
04/01/2021 04:54,1
04/01/2021 04:59,1
04/01/2021 05:04,-1
04/01/2021 05:09,-1
04/01/2021 05:14,-1
04/01/2021 05:19,-1
04/01/2021 05:24,0
04/01/2021 05:29,-1
04/01/2021 05:34,-1
04/01/2021 05:39,1
04/01/2021 05:44,1
04/01/2021 05:49,-1
04/01/2021 05:54,-1
04/01/2021 05:59,0
04/01/2021 06:04,-1
04/01/2021 06:09,-1
04/01/2021 06:14,1
04/01/2021 06:19,1
04/01/2021 06:24,1
04/01/2021 06:29,1
04/01/2021 06:34,1
04/01/2021 06:39,-1
04/01/2021 06:44,0
04/01/2021 06:49,1
04/01/2021 06:55,0
04/01/2021 07:00,1
04/01/2021 07:05,1
04/01/2021 07:10,-1
04/01/2021 07:15,1
04/01/2021 07:20,1
04/01/2021 07:25,-1
04/01/2021 07:30,-1
04/01/2021 07:35,1
04/01/2021 07:40,1
04/01/2021 07:45,-1
04/01/2021 07:50,1
04/01/2021 07:55,0
04/01/2021 08:00,1
04/01/2021 08:05,1
04/01/2021 08:10,1
04/01/2021 08:15,1
04/01/2021 08:20,1
04/01/2021 08:25,0
04/01/2021 08:30,1
04/01/2021 08:35,1
04/01/2021 08:40,1
04/01/2021 08:45,1
04/01/2021 08:50,0
04/01/2021 08:55,1
04/01/2021 09:00,1
04/01/2021 09:05,1
04/01/2021 09:10,1
04/01/2021 09:16,1
04/01/2021 09:21,-1
04/01/2021 09:26,1
04/01/2021 09:31,1
04/01/2021 09:36,1
04/01/2021 09:41,1
04/01/2021 09:46,-1
04/01/2021 09:51,1
04/01/2021 09:56,1
04/01/2021 10:01,1
04/01/2021 10:06,1
04/01/2021 10:11,1
04/01/2021 10:16,1
04/01/2021 10:21,1
04/01/2021 10:26,1
04/01/2021 10:31,1
04/01/2021 10:36,1
04/01/2021 10:41,1
04/01/2021 10:46,1
04/01/2021 10:51,1
04/01/2021 10:56,1
04/01/2021 11:01,1
04/01/2021 11:06,1
04/01/2021 11:11,1
04/01/2021 11:16,1
04/01/2021 11:22,1
04/01/2021 11:27,1
04/01/2021 11:32,1
04/01/2021 11:37,0
04/01/2021 11:42,1
04/01/2021 11:47,1
04/01/2021 11:52,1
04/01/2021 11:57,1
04/01/2021 12:02,1
04/01/2021 12:07,1
04/01/2021 12:12,1
04/01/2021 12:17,-1
04/01/2021 12:22,1
04/01/2021 12:27,1
04/01/2021 12:32,1
04/01/2021 12:37,1
04/01/2021 12:42,1
04/01/2021 12:48,1
04/01/2021 12:53,1
04/01/2021 12:58,1
04/01/2021 13:03,1
04/01/2021 13:08,1
04/01/2021 13:13,1
04/01/2021 13:18,1
04/01/2021 13:23,1
04/01/2021 13:28,1
04/01/2021 13:33,-1
04/01/2021 13:38,1
04/01/2021 13:43,1
04/01/2021 13:48,1
04/01/2021 13:53,1
04/01/2021 13:58,1
04/01/2021 14:03,1
04/01/2021 14:08,1
04/01/2021 14:13,1
04/01/2021 14:18,1
04/01/2021 14:24,1
04/01/2021 14:29,1
04/01/2021 14:34,-1
04/01/2021 14:39,1
04/01/2021 14:44,1
04/01/2021 14:49,1
04/01/2021 14:54,1
04/01/2021 14:59,1
04/01/2021 15:04,1
04/01/2021 15:09,1
04/01/2021 15:14,-1
04/01/2021 15:19,1
04/01/2021 15:24,1
04/01/2021 15:29,1
04/01/2021 15:34,1
04/01/2021 15:40,1
04/01/2021 15:45,1
04/01/2021 15:50,0
04/01/2021 15:55,1
04/01/2021 16:00,-1
04/01/2021 16:05,1
04/01/2021 16:10,1
04/01/2021 16:15,1
04/01/2021 16:20,1
04/01/2021 16:25,1
04/01/2021 16:30,1
04/01/2021 16:36,1
04/01/2021 16:41,1
04/01/2021 16:46,1
04/01/2021 16:51,1
04/01/2021 16:56,1
04/01/2021 17:01,-1
04/01/2021 17:06,1
04/01/2021 17:11,1
04/01/2021 17:16,1
04/01/2021 17:21,1
04/01/2021 17:26,1
04/01/2021 17:31,1
04/01/2021 17:37,1
04/01/2021 17:42,1
04/01/2021 17:47,1
04/01/2021 17:52,1
04/01/2021 17:57,1
04/01/2021 18:02,1
04/01/2021 18:07,1
04/01/2021 18:13,0
04/01/2021 18:18,1
04/01/2021 18:23,1
04/01/2021 18:28,-1
04/01/2021 18:33,1
04/01/2021 18:38,-1
04/01/2021 18:43,1
04/01/2021 18:48,1
04/01/2021 18:54,-1
04/01/2021 18:59,1
04/01/2021 19:04,1
04/01/2021 19:09,1
04/01/2021 19:14,1
04/01/2021 19:19,1
04/01/2021 19:25,1
04/01/2021 19:30,1
04/01/2021 19:35,1
04/01/2021 19:40,-1
04/01/2021 19:45,1
04/01/2021 19:50,1
04/01/2021 19:55,1
04/01/2021 20:00,1
04/01/2021 20:05,1
04/01/2021 20:11,1
04/01/2021 20:16,1
04/01/2021 20:21,1
04/01/2021 20:26,1
04/01/2021 20:31,1
04/01/2021 20:36,1
04/01/2021 20:41,1
04/01/2021 20:46,1
04/01/2021 20:52,1
04/01/2021 20:57,1
04/01/2021 21:02,1
04/01/2021 21:07,1
04/01/2021 21:12,1
04/01/2021 21:17,1
04/01/2021 21:22,-1
04/01/2021 21:28,1
04/01/2021 21:33,1
04/01/2021 21:38,1
04/01/2021 21:43,1
04/01/2021 21:48,1
04/01/2021 21:53,1
04/01/2021 21:58,1
04/01/2021 22:03,1
04/01/2021 22:09,-1
04/01/2021 22:14,1
04/01/2021 22:19,-1
04/01/2021 22:24,1
04/01/2021 22:29,1
04/01/2021 22:34,1
04/01/2021 22:39,1
04/01/2021 22:44,1
04/01/2021 22:50,1
04/01/2021 22:55,1
04/01/2021 23:00,1
04/01/2021 23:05,1
04/01/2021 23:10,1
04/01/2021 23:15,1
04/01/2021 23:20,1
04/01/2021 23:26,1
04/01/2021 23:31,1
04/01/2021 23:36,1
04/01/2021 23:41,1
04/01/2021 23:51,1
04/01/2021 23:56,1
05/01/2021 00:01,1
05/01/2021 00:07,-1
05/01/2021 00:12,1
05/01/2021 00:17,1
05/01/2021 00:22,1
05/01/2021 00:27,-1
05/01/2021 00:32,-1
05/01/2021 00:37,1
05/01/2021 00:42,-1
05/01/2021 00:47,-1
05/01/2021 00:52,1
05/01/2021 00:58,1
05/01/2021 01:03,-1
05/01/2021 01:08,-1
05/01/2021 01:13,1
05/01/2021 01:18,1
05/01/2021 01:23,1
05/01/2021 01:28,-1
05/01/2021 01:33,-1
05/01/2021 01:38,1
05/01/2021 01:43,1
05/01/2021 01:48,-1
05/01/2021 01:54,1
05/01/2021 01:59,1
05/01/2021 02:04,-1
05/01/2021 02:09,-1
05/01/2021 02:14,1
05/01/2021 02:19,1
05/01/2021 02:24,1
05/01/2021 02:29,-1
05/01/2021 02:34,-1
05/01/2021 02:39,1
05/01/2021 02:44,-1
05/01/2021 02:49,-1
05/01/2021 02:54,1
05/01/2021 02:59,1
05/01/2021 03:04,-1
05/01/2021 03:09,1
05/01/2021 03:15,-1
05/01/2021 03:20,-1
05/01/2021 03:25,1
05/01/2021 03:30,-1
05/01/2021 03:35,1
05/01/2021 03:40,-1
05/01/2021 03:45,1
05/01/2021 03:50,1
05/01/2021 03:55,-1
05/01/2021 04:00,-1
05/01/2021 04:05,1
05/01/2021 04:10,1
05/01/2021 04:15,-1
05/01/2021 04:20,1
05/01/2021 04:25,1
05/01/2021 04:30,1
05/01/2021 04:35,1
05/01/2021 04:40,-1
05/01/2021 04:45,-1
05/01/2021 04:50,-1
05/01/2021 04:55,-1
05/01/2021 05:00,-1
05/01/2021 05:05,1
05/01/2021 05:11,-1
05/01/2021 05:16,-1
05/01/2021 05:21,0
05/01/2021 05:26,1
05/01/2021 05:31,0
05/01/2021 05:36,0
05/01/2021 05:41,1
05/01/2021 05:46,-1
05/01/2021 05:51,0
05/01/2021 05:56,-1
05/01/2021 06:01,-1
05/01/2021 06:06,-1
05/01/2021 06:11,-1
05/01/2021 06:16,1
05/01/2021 06:21,1
05/01/2021 06:26,-1
05/01/2021 06:31,-1
05/01/2021 06:36,-1
05/01/2021 06:41,1
05/01/2021 06:46,-1
05/01/2021 06:51,-1
05/01/2021 06:56,1
05/01/2021 07:01,1
05/01/2021 07:06,1
05/01/2021 07:11,1
05/01/2021 07:16,1
05/01/2021 07:21,1
05/01/2021 07:26,-1
05/01/2021 07:32,1
05/01/2021 07:37,1
05/01/2021 07:42,0
05/01/2021 07:47,1
05/01/2021 07:52,0
05/01/2021 07:57,1
05/01/2021 08:02,-1
05/01/2021 08:07,1
05/01/2021 08:12,1
05/01/2021 08:17,1
05/01/2021 08:22,-1
05/01/2021 08:27,1
05/01/2021 08:32,1
05/01/2021 08:37,1
05/01/2021 08:42,1
05/01/2021 08:47,1
05/01/2021 08:52,1
05/01/2021 08:57,1
05/01/2021 09:02,1
05/01/2021 09:07,1
05/01/2021 09:12,1
05/01/2021 09:18,1
05/01/2021 09:23,1
05/01/2021 09:28,1
05/01/2021 09:33,1
05/01/2021 09:38,1
05/01/2021 09:43,1
05/01/2021 09:48,1
05/01/2021 09:53,1
05/01/2021 09:58,1
05/01/2021 10:03,1
05/01/2021 10:08,1
05/01/2021 10:13,1
05/01/2021 10:18,0
05/01/2021 10:23,1
05/01/2021 10:28,1
05/01/2021 10:33,1
05/01/2021 10:38,1
05/01/2021 10:43,1
05/01/2021 10:48,1
05/01/2021 10:54,1
05/01/2021 10:59,1
05/01/2021 11:04,1
05/01/2021 11:09,1
05/01/2021 11:14,1
05/01/2021 11:19,1
05/01/2021 11:24,1
05/01/2021 11:29,-1
05/01/2021 11:34,1
05/01/2021 11:39,0
05/01/2021 11:44,1
05/01/2021 11:49,1
05/01/2021 11:54,1
05/01/2021 11:59,1
05/01/2021 12:04,1
05/01/2021 12:09,1
05/01/2021 12:14,1
05/01/2021 12:20,1
05/01/2021 12:25,1
05/01/2021 12:30,1
05/01/2021 12:35,1
05/01/2021 12:40,-1
05/01/2021 12:45,1
05/01/2021 12:50,1
05/01/2021 12:55,-1
05/01/2021 13:00,-1
05/01/2021 13:05,1
05/01/2021 13:10,1
05/01/2021 13:15,1
05/01/2021 13:20,1
05/01/2021 13:25,1
05/01/2021 13:30,1
05/01/2021 13:36,1
05/01/2021 13:41,1
05/01/2021 13:46,1
05/01/2021 13:51,1
05/01/2021 13:56,1
05/01/2021 14:01,1
05/01/2021 14:06,1
05/01/2021 14:11,1
05/01/2021 14:16,1
05/01/2021 14:21,1
05/01/2021 14:26,1
05/01/2021 14:31,1
05/01/2021 14:36,1
05/01/2021 14:41,1
05/01/2021 14:46,1
05/01/2021 14:52,1
05/01/2021 14:57,1
05/01/2021 15:02,1
05/01/2021 15:07,1
05/01/2021 15:12,1
05/01/2021 15:17,1
05/01/2021 15:22,1
05/01/2021 15:27,1
05/01/2021 15:32,1
05/01/2021 15:37,0
05/01/2021 15:42,1
05/01/2021 15:47,-1
05/01/2021 15:52,1
05/01/2021 15:57,1
05/01/2021 16:02,1
05/01/2021 16:07,-1
05/01/2021 16:13,1
05/01/2021 16:18,1
05/01/2021 16:23,1
05/01/2021 16:28,1
05/01/2021 16:33,1
05/01/2021 16:38,-1
05/01/2021 16:43,1
05/01/2021 16:48,1
05/01/2021 16:53,1
05/01/2021 16:58,1
05/01/2021 17:03,1
05/01/2021 17:08,1
05/01/2021 17:14,1
05/01/2021 17:19,1
05/01/2021 17:24,1
05/01/2021 17:29,1
05/01/2021 17:34,1
05/01/2021 17:39,1
05/01/2021 17:44,-1
05/01/2021 17:49,1
05/01/2021 17:54,1
05/01/2021 17:59,1
05/01/2021 18:10,1
05/01/2021 18:15,1
05/01/2021 18:20,1
05/01/2021 18:25,1
05/01/2021 18:30,1
05/01/2021 18:35,1
05/01/2021 18:40,1
05/01/2021 18:45,1
05/01/2021 18:50,1
05/01/2021 18:55,1
05/01/2021 19:01,1
05/01/2021 19:06,1
05/01/2021 19:11,1
05/01/2021 19:16,1
05/01/2021 19:21,1
05/01/2021 19:26,1
05/01/2021 19:31,-1
05/01/2021 19:36,1
05/01/2021 19:41,1
05/01/2021 19:46,1
05/01/2021 19:51,1
05/01/2021 19:56,1
05/01/2021 20:01,-1
05/01/2021 20:06,1
05/01/2021 20:12,1
05/01/2021 20:17,1
05/01/2021 20:22,1
05/01/2021 20:27,1
05/01/2021 20:32,1
05/01/2021 20:37,1
05/01/2021 20:42,1
05/01/2021 20:47,1
05/01/2021 20:52,1
05/01/2021 20:57,1
05/01/2021 21:02,1
05/01/2021 21:08,1
05/01/2021 21:13,1
05/01/2021 21:18,1
05/01/2021 21:23,1
05/01/2021 21:28,-1
05/01/2021 21:33,-1
05/01/2021 21:38,1
05/01/2021 21:43,1
05/01/2021 21:48,1
05/01/2021 21:53,-1
05/01/2021 21:58,1
05/01/2021 22:04,1
05/01/2021 22:09,1
05/01/2021 22:14,1
05/01/2021 22:19,1
05/01/2021 22:24,1
05/01/2021 22:29,1
05/01/2021 22:34,1
05/01/2021 22:39,-1
05/01/2021 22:44,-1
05/01/2021 22:49,1
05/01/2021 22:54,1
05/01/2021 22:59,1
05/01/2021 23:04,1
05/01/2021 23:09,1
05/01/2021 23:15,1
05/01/2021 23:20,1
05/01/2021 23:25,1
05/01/2021 23:30,1
05/01/2021 23:35,1
05/01/2021 23:40,1
05/01/2021 23:45,-1
05/01/2021 23:50,0
05/01/2021 23:55,1
